,Movie_Title,Year,Director_x,Actors,Rating,Runtime(Mins),Censor,Total_Gross,main_genre,side_genre,Poster_Link,Released_Year,Certificate,Runtime,Genre,IMDB_Rating,Meta_score,Director_y,Star1,Star2,Star3,Star4,No_of_Votes,Gross,standard_No_of_Votes,norm_gross,Certificate_Encoded
0,The Dark Knight,2008,Christopher Nolan,"Christian Bale, Heath Ledger, Aaron Eckhart, Michael Caine",9.0,152,UA,$534.86M,Action,"Crime,  Drama","https://m.media-amazon.com/images/M/MV5BMTMxNTMwODM0NF5BMl5BanBnXkFtZTcwODAyMTk2Mw@@._V1_UX67_CR0,0,67,98_AL_.jpg",2008,UA,152 min,"Action, Crime, Drama",9.0,84.0,Christopher Nolan,Christian Bale,Heath Ledger,Aaron Eckhart,Michael Caine,2303232,534858444,6.20257766104116,0.00786154778686651,14
1,The Lord of the Rings: The Return of the King,2003,Peter Jackson,"Elijah Wood, Viggo Mortensen, Ian McKellen, Orlando Bloom",9.0,201,U,$377.85M,Action,"Adventure,  Drama","https://m.media-amazon.com/images/M/MV5BNzA5ZDNlZWMtM2NhNS00NDJjLTk4NDItYTRmY2EwMWZlMTY3XkEyXkFqcGdeQXVyNzkwMjQ5NzM@._V1_UX67_CR0,0,67,98_AL_.jpg",2003,U,201 min,"Action, Adventure, Drama",8.9,94.0,Peter Jackson,Elijah Wood,Viggo Mortensen,Ian McKellen,Orlando Bloom,1642758,377845905,4.184069468564312,0.005553719253293351,12
2,Inception,2010,Christopher Nolan,"Leonardo DiCaprio, Joseph Gordon-Levitt, Elliot Page, Ken Watanabe",8.8,148,UA,$292.58M,Action,"Adventure,  Sci-Fi","https://m.media-amazon.com/images/M/MV5BMjAxMzY3NjcxNF5BMl5BanBnXkFtZTcwNTI5OTM0Mw@@._V1_UX67_CR0,0,67,98_AL_.jpg",2010,UA,148 min,"Action, Adventure, Sci-Fi",8.8,74.0,Christopher Nolan,Leonardo DiCaprio,Joseph Gordon-Levitt,Elliot Page,Ken Watanabe,2067042,292576195,5.480745386067267,0.0043003934295035165,14
3,The Lord of the Rings: The Two Towers,2002,Peter Jackson,"Elijah Wood, Ian McKellen, Viggo Mortensen, Orlando Bloom",8.8,179,UA,$342.55M,Action,"Adventure,  Drama","https://m.media-amazon.com/images/M/MV5BZGMxZTdjZmYtMmE2Ni00ZTdkLWI5NTgtNjlmMjBiNzU2MmI5XkEyXkFqcGdeQXVyNjU0OTQ0OTY@._V1_UX67_CR0,0,67,98_AL_.jpg",2002,UA,179 min,"Action, Adventure, Drama",8.7,87.0,Peter Jackson,Elijah Wood,Ian McKellen,Viggo Mortensen,Orlando Bloom,1485555,342551365,3.7036333826897154,0.0050349470137632385,14
4,The Lord of the Rings: The Fellowship of the Ring,2001,Peter Jackson,"Elijah Wood, Ian McKellen, Orlando Bloom, Sean Bean",8.8,178,U,$315.54M,Action,"Adventure,  Drama","https://m.media-amazon.com/images/M/MV5BN2EyZjM3NzUtNWUzMi00MTgxLWI0NTctMzY4M2VlOTdjZWRiXkEyXkFqcGdeQXVyNDUzOTQ5MjY@._V1_UX67_CR0,0,67,98_AL_.jpg",2001,U,178 min,"Action, Adventure, Drama",8.8,92.0,Peter Jackson,Elijah Wood,Ian McKellen,Orlando Bloom,Sean Bean,1661481,315544750,4.241289781381688,0.0046379937698428604,12
5,The Matrix,1999,"Directors:Lana Wachowski, Lilly Wachowski","Keanu Reeves, Laurence Fishburne, Carrie-Anne Moss, Hugo Weaving",8.7,136,A,$171.48M,Action,Sci-Fi,"https://m.media-amazon.com/images/M/MV5BNzQzOTk3OTAtNDQ0Zi00ZTVkLWI0MTEtMDllZjNkYzNjNTc4L2ltYWdlXkEyXkFqcGdeQXVyNjU0OTQ0OTY@._V1_UX67_CR0,0,67,98_AL_.jpg",1999,A,136 min,"Action, Sci-Fi",8.7,73.0,Lana Wachowski,Lilly Wachowski,Keanu Reeves,Laurence Fishburne,Carrie-Anne Moss,1676426,171479930,4.2869639561963915,0.002520475612391237,1
6,Terminator 2: Judgment Day,1991,James Cameron,"Arnold Schwarzenegger, Linda Hamilton, Edward Furlong, Robert Patrick",8.6,137,A,$204.84M,Action,Sci-Fi,"https://m.media-amazon.com/images/M/MV5BMGU2NzRmZjUtOGUxYS00ZjdjLWEwZWItY2NlM2JhNjkxNTFmXkEyXkFqcGdeQXVyNjU0OTQ0OTY@._V1_UX67_CR0,0,67,98_AL_.jpg",1991,U,137 min,"Action, Sci-Fi",8.5,75.0,James Cameron,Arnold Schwarzenegger,Linda Hamilton,Edward Furlong,Robert Patrick,995506,204843350,2.205969702945945,0.003010863533916316,12
7,Star Wars,1977,George Lucas,"Mark Hamill, Harrison Ford, Carrie Fisher, Alec Guinness",8.6,121,U,$322.74M,Action,"Adventure,  Fantasy","https://m.media-amazon.com/images/M/MV5BNzVlY2MwMjktM2E4OS00Y2Y3LWE3ZjctYzhkZGM3YzA1ZWM2XkEyXkFqcGdeQXVyNzkwMjQ5NzM@._V1_UX67_CR0,0,67,98_AL_.jpg",1977,UA,121 min,"Action, Adventure, Fantasy",8.6,90.0,George Lucas,Mark Hamill,Harrison Ford,Carrie Fisher,Alec Guinness,1231473,322740140,2.9271204562748943,0.004743754280805535,14
8,Seppuku,1962,Masaki Kobayashi,"Tatsuya Nakadai, Akira Ishihama, Shima Iwashita, Tetsurô Tanba",8.6,133,Not Rated,Gross Unkown,Action,"Drama,  Mystery","https://m.media-amazon.com/images/M/MV5BYjBmYTQ1NjItZWU5MS00YjI0LTg2OTYtYmFkN2JkMmNiNWVkXkEyXkFqcGdeQXVyMTMxMTY0OTQ@._V1_UY98_CR2,0,67,98_AL_.jpg",1962,U,133 min,"Action, Drama, Mystery",8.6,85.0,Masaki Kobayashi,Tatsuya Nakadai,Akira Ishihama,Shima Iwashita,Tetsurô Tanba,42004,68034750,-0.7080762678917556,0.0009999999893289828,12
9,Shichinin no samurai,1954,Akira Kurosawa,"Toshirô Mifune, Takashi Shimura, Keiko Tsushima, Yukiko Shimazaki",8.6,207,U,$0.27M,Action,Drama,"https://m.media-amazon.com/images/M/MV5BOWE4ZDdhNmMtNzE5ZC00NzExLTlhNGMtY2ZhYjYzODEzODA1XkEyXkFqcGdeQXVyNTAyODkwOQ@@._V1_UY98_CR1,0,67,98_AL_.jpg",1954,U,207 min,"Action, Adventure, Drama",8.6,98.0,Akira Kurosawa,Toshirô Mifune,Takashi Shimura,Keiko Tsushima,Yukiko Shimazaki,315744,269061,0.12851447240780564,3.954758371697485e-06,12
10,Gladiator,2000,Ridley Scott,"Russell Crowe, Joaquin Phoenix, Connie Nielsen, Oliver Reed",8.5,155,UA,$187.71M,Action,"Adventure,  Drama","https://m.media-amazon.com/images/M/MV5BMDliMmNhNDEtODUyOS00MjNlLTgxODEtN2U3NzIxMGVkZTA1L2ltYWdlXkEyXkFqcGdeQXVyNjU0OTQ0OTY@._V1_UX67_CR0,0,67,98_AL_.jpg",2000,UA,155 min,"Action, Adventure, Drama",8.5,67.0,Ridley Scott,Russell Crowe,Joaquin Phoenix,Connie Nielsen,Oliver Reed,1341460,187705427,3.2632573224739443,0.0027589639852721166,14
11,Léon,1994,Luc Besson,"Jean Reno, Gary Oldman, Natalie Portman, Danny Aiello",8.5,110,A,$19.50M,Action,"Crime,  Drama","https://m.media-amazon.com/images/M/MV5BODllNWE0MmEtYjUwZi00ZjY3LThmNmQtZjZlMjI2YTZjYmQ0XkEyXkFqcGdeQXVyNTc1NTQxODI@._V1_UX67_CR0,0,67,98_AL_.jpg",1994,A,110 min,"Action, Crime, Drama",8.5,64.0,Luc Besson,Jean Reno,Gary Oldman,Natalie Portman,Danny Aiello,1035236,19501238,2.327390577177338,0.00028663642905870827,1
12,Spider-Man: Into the Spider-Verse,2018,"Directors:Bob Persichetti, Peter Ramsey, Rodney Rothman","Shameik Moore, Jake Johnson, Hailee Steinfeld, Mahershala Ali",8.4,117,U,$190.24M,Animation,"Action,  Adventure","https://m.media-amazon.com/images/M/MV5BMjMwNDkxMTgzOF5BMl5BanBnXkFtZTgwNTkwNTQ3NjM@._V1_UX67_CR0,0,67,98_AL_.jpg",2018,U,117 min,"Animation, Action, Adventure",8.4,87.0,Bob Persichetti,Peter Ramsey,Rodney Rothman,Shameik Moore,Jake Johnson,375110,190241310,0.30994592520470693,0.002796237334155438,12
13,Avengers: Endgame,2019,"Directors:Anthony Russo, Joe Russo","Robert Downey Jr., Chris Evans, Mark Ruffalo, Chris Hemsworth",8.4,181,UA,$858.37M,Action,"Adventure,  Drama","https://m.media-amazon.com/images/M/MV5BMTc5MDE2ODcwNV5BMl5BanBnXkFtZTgwMzI2NzQ2NzM@._V1_UX67_CR0,0,67,98_AL_.jpg",2019,UA,181 min,"Action, Adventure, Drama",8.4,78.0,Anthony Russo,Joe Russo,Robert Downey Jr.,Chris Evans,Mark Ruffalo,809955,858373000,1.6388978520899362,0.012616684721267982,14
14,Avengers: Infinity War,2018,"Directors:Anthony Russo, Joe Russo","Robert Downey Jr., Chris Hemsworth, Mark Ruffalo, Chris Evans",8.4,149,UA,$678.82M,Action,"Adventure,  Sci-Fi","https://m.media-amazon.com/images/M/MV5BMjMxNjY2MDU1OV5BMl5BanBnXkFtZTgwNzY1MTUwNTM@._V1_UX67_CR0,0,67,98_AL_.jpg",2018,UA,149 min,"Action, Adventure, Sci-Fi",8.4,68.0,Anthony Russo,Joe Russo,Robert Downey Jr.,Chris Hemsworth,Mark Ruffalo,834477,678815482,1.7138407838267151,0.009977481724506201,14
15,The Dark Knight Rises,2012,Christopher Nolan,"Christian Bale, Tom Hardy, Anne Hathaway, Gary Oldman",8.4,164,UA,$448.14M,Action,Drama,"https://m.media-amazon.com/images/M/MV5BMTk4ODQzNDY3Ml5BMl5BanBnXkFtZTcwODA0NTM4Nw@@._V1_UX67_CR0,0,67,98_AL_.jpg",2012,UA,164 min,"Action, Adventure",8.4,78.0,Christopher Nolan,Christian Bale,Tom Hardy,Anne Hathaway,Gary Oldman,1516346,448139099,3.797735324256764,0.006586914690182589,14
16,Oldeuboi,2003,Park Chan-wook,"Choi Min-sik, Yoo Ji-tae, Kang Hye-jeong, Kim Byeong-Ok",8.4,101,A,$0.71M,Action,"Drama,  Mystery","https://m.media-amazon.com/images/M/MV5BMTI3NTQyMzU5M15BMl5BanBnXkFtZTcwMTM2MjgyMQ@@._V1_UX67_CR0,0,67,98_AL_.jpg",2003,A,101 min,"Action, Drama, Mystery",8.4,77.0,Chan-wook Park,Choi Min-sik,Yoo Ji-Tae,Kang Hye-jeong,Kim Byeong-Ok,515451,707481,0.7388491950387858,1.0398818140001367e-05,1
17,Mononoke-hime,1997,Hayao Miyazaki,"Yôji Matsuda, Yuriko Ishida, Yûko Tanaka, Billy Crudup",8.4,134,U,$2.38M,Animation,"Action,  Adventure","https://m.media-amazon.com/images/M/MV5BNGIzY2IzODQtNThmMi00ZDE4LWI5YzAtNzNlZTM1ZjYyYjUyXkEyXkFqcGdeQXVyODEzNjM5OTQ@._V1_UX67_CR0,0,67,98_AL_.jpg",1997,U,134 min,"Animation, Action, Adventure",8.4,76.0,Hayao Miyazaki,Yôji Matsuda,Yuriko Ishida,Yûko Tanaka,Billy Crudup,343171,2375308,0.21233552243409362,3.491315797666703e-05,12
18,Aliens,1986,James Cameron,"Sigourney Weaver, Michael Biehn, Carrie Henn, Paul Reiser",8.4,137,U,$85.16M,Action,"Adventure,  Sci-Fi","https://m.media-amazon.com/images/M/MV5BZGU2OGY5ZTYtMWNhYy00NjZiLWI0NjUtZmNhY2JhNDRmODU3XkEyXkFqcGdeQXVyNzkwMjQ5NzM@._V1_UX67_CR0,0,67,98_AL_.jpg",1986,U,137 min,"Action, Adventure, Sci-Fi",8.3,84.0,James Cameron,Sigourney Weaver,Michael Biehn,Carrie Henn,Paul Reiser,652719,85160248,1.1583609132364923,0.001251716910714797,12
19,Raiders of the Lost Ark,1981,Steven Spielberg,"Harrison Ford, Karen Allen, Paul Freeman, John Rhys-Davies",8.4,115,A,$248.16M,Action,Adventure,"https://m.media-amazon.com/images/M/MV5BMjA0ODEzMTc1Nl5BMl5BanBnXkFtZTcwODM2MjAxNA@@._V1_UX67_CR0,0,67,98_AL_.jpg",1981,A,115 min,"Action, Adventure",8.4,85.0,Steven Spielberg,Harrison Ford,Karen Allen,Paul Freeman,John Rhys-Davies,884112,248159971,1.8655328324669165,0.0036475472953436394,1
20,Vikram Vedha,2017,"Directors:Gayatri, Pushkar, Gowtham Selvaraj","Madhavan, Vijay Sethupathi, Shraddha Srinath, Kathir",8.3,147,UA,Gross Unkown,Action,"Crime,  Drama","https://m.media-amazon.com/images/M/MV5BY2FiMTFmMzMtZDI2ZC00NDQyLWExYTUtOWNmZWM1ZDg5YjVjXkEyXkFqcGdeQXVyODIwMDI1NjM@._V1_UX67_CR0,0,67,98_AL_.jpg",2017,UA,147 min,"Action, Crime, Drama",8.4,79.0,Gayatri,Pushkar,Madhavan,Vijay Sethupathi,Shraddha Srinath,28401,68034750,-0.7496490882333021,0.0009999999893289828,14
21,Dangal,2016,Nitesh Tiwari,"Aamir Khan, Sakshi Tanwar, Fatima Sana Shaikh, Sanya Malhotra",8.3,161,U,$12.39M,Action,"Biography,  Drama","https://m.media-amazon.com/images/M/MV5BMTQ4MzQzMzM2Nl5BMl5BanBnXkFtZTgwMTQ1NzU3MDI@._V1_UY98_CR1,0,67,98_AL_.jpg",2016,U,161 min,"Action, Biography, Drama",8.4,79.0,Nitesh Tiwari,Aamir Khan,Sakshi Tanwar,Fatima Sana Shaikh,Sanya Malhotra,156479,12391761,-0.3582233965693611,0.00018213869923483668,12
22,Heat,1995,Michael Mann,"Al Pacino, Robert De Niro, Val Kilmer, Jon Voight",8.3,170,A,$67.44M,Action,"Crime,  Drama","https://m.media-amazon.com/images/M/MV5BNGMwNzUwNjYtZWM5NS00YzMyLWI4NjAtNjM0ZDBiMzE1YWExXkEyXkFqcGdeQXVyNDk3NzU2MTQ@._V1_UX67_CR0,0,67,98_AL_.jpg",1995,A,170 min,"Crime, Drama, Thriller",8.2,76.0,Michael Mann,Al Pacino,Robert De Niro,Val Kilmer,Jon Voight,577113,67436818,0.9272975702428171,0.0009912113630222872,1
23,Star Wars: Episode VI - Return of the Jedi,1983,Richard Marquand,"Mark Hamill, Harrison Ford, Carrie Fisher, Billy Dee Williams",8.3,131,U,$309.13M,Action,"Adventure,  Fantasy","https://m.media-amazon.com/images/M/MV5BOWZlMjFiYzgtMTUzNC00Y2IzLTk1NTMtZmNhMTczNTk0ODk1XkEyXkFqcGdeQXVyNTAyODkwOQ@@._V1_UX67_CR0,0,67,98_AL_.jpg",1983,U,131 min,"Action, Adventure, Fantasy",8.3,58.0,Richard Marquand,Mark Hamill,Harrison Ford,Carrie Fisher,Billy Dee Williams,950470,309125409,2.0683328921761235,0.004543639914915795,12
24,North by Northwest,1959,Alfred Hitchcock,"Cary Grant, Eva Marie Saint, James Mason, Jessie Royce Landis",8.3,136,U,$13.28M,Action,"Adventure,  Mystery","https://m.media-amazon.com/images/M/MV5BZDA3NDExMTUtMDlhOC00MmQ5LWExZGUtYmI1NGVlZWI4OWNiXkEyXkFqcGdeQXVyNjc1NTYyMjg@._V1_UX67_CR0,0,67,98_AL_.jpg",1959,U,136 min,"Adventure, Mystery, Thriller",8.3,98.0,Alfred Hitchcock,Cary Grant,Eva Marie Saint,James Mason,Jessie Royce Landis,299198,13275000,0.07794740004353101,0.0001951208736468091,12
25,Uri: The Surgical Strike,2019,Aditya Dhar,"Vicky Kaushal, Paresh Rawal, Mohit Raina, Yami Gautam",8.2,138,UA,$4.19M,Action,"Drama,  History","https://m.media-amazon.com/images/M/MV5BMWU4ZjNlNTQtOGE2MS00NDI0LWFlYjMtMmY3ZWVkMjJkNGRmXkEyXkFqcGdeQXVyNjE1OTQ0NjA@._V1_UY98_CR0,0,67,98_AL_.jpg",2018,UA,138 min,"Action, Drama, War",8.2,79.0,Aditya Dhar,Vicky Kaushal,Paresh Rawal,Mohit Raina,Yami Gautam,43444,4186168,-0.7036754106329284,6.152984989772622e-05,14
26,K.G.F: Chapter 1,2018,Prashanth Neel,"Yash, Srinidhi Shetty, Ramachandra Raju, Archana Jois",8.2,156,UA,Gross Unkown,Action,"Crime,  Drama","https://m.media-amazon.com/images/M/MV5BZDNlNzBjMGUtYTA0Yy00OTI2LWJmZjMtODliYmUyYTI0OGFmXkEyXkFqcGdeQXVyODIwMDI1NjM@._V1_UX67_CR0,0,67,98_AL_.jpg",2018,UA,156 min,"Action, Drama",8.2,79.0,Prashanth Neel,Yash,Srinidhi Shetty,Ramachandra Raju,Archana Jois,36680,68034750,-0.7243472151459197,0.0009999999893289828,14
27,Baahubali 2: The Conclusion,2017,S.S. Rajamouli,"Prabhas, Rana Daggubati, Anushka Shetty, Tamannaah Bhatia",8.2,167,UA,$20.19M,Action,Drama,"https://m.media-amazon.com/images/M/MV5BOGNlNmRkMjctNDgxMC00NzFhLWIzY2YtZDk3ZDE0NWZhZDBlXkEyXkFqcGdeQXVyODIwMDI1NjM@._V1_UX67_CR0,0,67,98_AL_.jpg",2017,UA,167 min,"Action, Drama",8.2,79.0,S.S. Rajamouli,Prabhas,Rana Daggubati,Anushka Shetty,Tamannaah Bhatia,75348,20186659,-0.6061719731429116,0.00029671100113673986,14
28,Gangs of Wasseypur,2012,Anurag Kashyap,"Manoj Bajpayee, Ashish Chhipa, Richa Chadha, Nawazuddin Siddiqui",8.2,321,A,Gross Unkown,Action,"Comedy,  Crime","https://m.media-amazon.com/images/M/MV5BMTc5NjY4MjUwNF5BMl5BanBnXkFtZTgwODM3NzM5MzE@._V1_UX67_CR0,0,67,98_AL_.jpg",2012,A,321 min,"Action, Comedy, Crime",8.2,89.0,Anurag Kashyap,Manoj Bajpayee,Richa Chadha,Nawazuddin Siddiqui,Tigmanshu Dhulia,82365,68034750,-0.5847269624587513,0.0009999999893289828,1
29,Paan Singh Tomar,2012,Tigmanshu Dhulia,"Irrfan Khan, Mahie Gill, Rajesh Abhay, Hemendra Dandotiya",8.2,135,UA,$0.04M,Action,"Biography,  Crime","https://m.media-amazon.com/images/M/MV5BNTgwODM5OTMzN15BMl5BanBnXkFtZTcwMTA3NzI1Nw@@._V1_UY98_CR0,0,67,98_AL_.jpg",2012,UA,135 min,"Action, Biography, Crime",8.2,79.0,Tigmanshu Dhulia,Irrfan Khan,Mahie Gill,Rajesh Abhay,Hemendra Dandotiya,33237,39567,-0.7348695426057407,5.815704412492124e-07,14
30,Warrior,2011,Gavin O'Connor,"Tom Hardy, Nick Nolte, Joel Edgerton, Jennifer Morrison",8.2,140,UA,$13.66M,Action,"Drama,  Sport","https://m.media-amazon.com/images/M/MV5BMTk4ODk5MTMyNV5BMl5BanBnXkFtZTcwMDMyNTg0Ng@@._V1_UX67_CR0,0,67,98_AL_.jpg",2011,UA,140 min,"Action, Drama, Sport",8.2,71.0,Gavin O'Connor,Tom Hardy,Nick Nolte,Joel Edgerton,Jennifer Morrison,435950,13657115,0.49588214439015776,0.00020073734164180348,14
31,V for Vendetta,2005,James McTeigue,"Hugo Weaving, Natalie Portman, Rupert Graves, Stephen Rea",8.2,132,UA,$70.51M,Action,"Drama,  Sci-Fi","https://m.media-amazon.com/images/M/MV5BOTI5ODc3NzExNV5BMl5BanBnXkFtZTcwNzYxNzQzMw@@._V1_UX67_CR0,0,67,98_AL_.jpg",2005,A,132 min,"Action, Drama, Sci-Fi",8.2,62.0,James McTeigue,Hugo Weaving,Natalie Portman,Rupert Graves,Stephen Rea,1032749,70511035,2.319789929953239,0.0010363973447036336,1
32,Batman Begins,2005,Christopher Nolan,"Christian Bale, Michael Caine, Ken Watanabe, Liam Neeson",8.2,140,UA,$206.85M,Action,"Crime,  Drama","https://m.media-amazon.com/images/M/MV5BOTY4YjI2N2MtYmFlMC00ZjcyLTg3YjEtMDQyM2ZjYzQ5YWFkXkEyXkFqcGdeQXVyMTQxNzMzNDI@._V1_UX67_CR0,0,67,98_AL_.jpg",2005,UA,140 min,"Action, Adventure",8.2,70.0,Christopher Nolan,Christian Bale,Michael Caine,Ken Watanabe,Liam Neeson,1308302,206852432,3.1619214717876987,0.003040393766313158,14
33,Kill Bill: Vol. 1,2003,Quentin Tarantino,"Uma Thurman, David Carradine, Daryl Hannah, Michael Madsen",8.2,111,A,$70.10M,Action,"Crime,  Drama","https://m.media-amazon.com/images/M/MV5BNzM3NDFhYTAtYmU5Mi00NGRmLTljYjgtMDkyODQ4MjNkMGY2XkEyXkFqcGdeQXVyNzkwMjQ5NzM@._V1_UX67_CR0,0,67,98_AL_.jpg",2003,R,111 min,"Action, Crime, Drama",8.1,69.0,Quentin Tarantino,Uma Thurman,David Carradine,Daryl Hannah,Michael Madsen,1000639,70099045,2.2216569253831397,0.0010303417628781157,8
34,"Lock, Stock and Two Smoking Barrels",1998,Guy Ritchie,"Jason Flemyng, Dexter Fletcher, Nick Moran, Jason Statham",8.2,107,A,$3.90M,Action,"Comedy,  Crime","https://m.media-amazon.com/images/M/MV5BMTAyN2JmZmEtNjAyMy00NzYwLThmY2MtYWQ3OGNhNjExMmM4XkEyXkFqcGdeQXVyNDk3NzU2MTQ@._V1_UX67_CR0,0,67,98_AL_.jpg",1998,A,107 min,"Action, Comedy, Crime",8.2,66.0,Guy Ritchie,Jason Flemyng,Dexter Fletcher,Nick Moran,Jason Statham,535216,3897569,0.7992540170670638,5.728791475545914e-05,1
35,Jurassic Park,1993,Steven Spielberg,"Sam Neill, Laura Dern, Jeff Goldblum, Richard Attenborough",8.2,127,UA,$402.45M,Action,"Adventure,  Sci-Fi","https://m.media-amazon.com/images/M/MV5BMjM2MDgxMDg0Nl5BMl5BanBnXkFtZTgwNTM2OTM5NDE@._V1_UX67_CR0,0,67,98_AL_.jpg",1993,UA,127 min,"Action, Adventure, Sci-Fi",8.1,68.0,Steven Spielberg,Sam Neill,Laura Dern,Jeff Goldblum,Richard Attenborough,867615,402453882,1.815115511495477,0.0059154164262440545,14
36,Indiana Jones and the Last Crusade,1989,Steven Spielberg,"Harrison Ford, Sean Connery, Alison Doody, Denholm Elliott",8.2,127,U,$197.17M,Action,Adventure,"https://m.media-amazon.com/images/M/MV5BMjNkMzc2N2QtNjVlNS00ZTk5LTg0MTgtODY2MDAwNTMwZjBjXkEyXkFqcGdeQXVyNDk3NzU2MTQ@._V1_UX67_CR0,0,67,98_AL_.jpg",1989,U,127 min,"Action, Adventure",8.2,65.0,Steven Spielberg,Harrison Ford,Sean Connery,Alison Doody,Denholm Elliott,692366,197171806,1.279528126945328,0.0028981043348579403,12
37,Die Hard,1988,John McTiernan,"Bruce Willis, Alan Rickman, Bonnie Bedelia, Reginald VelJohnson",8.2,132,A,$83.01M,Action,Thriller,"https://m.media-amazon.com/images/M/MV5BZjRlNDUxZjAtOGQ4OC00OTNlLTgxNmQtYTBmMDgwZmNmNjkxXkEyXkFqcGdeQXVyNzkwMjQ5NzM@._V1_UX67_CR0,0,67,98_AL_.jpg",1988,A,132 min,"Action, Thriller",8.2,72.0,John McTiernan,Bruce Willis,Alan Rickman,Bonnie Bedelia,Reginald VelJohnson,793164,83008852,1.5875820227614863,0.0012200948943622357,1
38,Ran,1985,Akira Kurosawa,"Tatsuya Nakadai, Akira Terao, Jinpachi Nezu, Daisuke Ryû",8.2,162,U,$4.14M,Action,"Drama,  War","https://m.media-amazon.com/images/M/MV5BZDBjZTM4ZmEtOTA5ZC00NTQzLTkyNzYtMmUxNGU2YjI5YjU5L2ltYWdlXkEyXkFqcGdeQXVyNTAyODkwOQ@@._V1_UY98_CR1,0,67,98_AL_.jpg",1985,U,162 min,"Action, Drama, War",8.2,96.0,Akira Kurosawa,Tatsuya Nakadai,Akira Terao,Jinpachi Nezu,Daisuke Ryû,112505,4135750,-0.49261457511079787,6.0788787433882545e-05,12
39,Yôjinbô,1961,Akira Kurosawa,"Toshirô Mifune, Eijirô Tôno, Tatsuya Nakadai, Yôko Tsukasa",8.2,110,U,Gross Unkown,Action,"Drama,  Thriller","https://m.media-amazon.com/images/M/MV5BZThiZjAzZjgtNDU3MC00YThhLThjYWUtZGRkYjc2ZWZlOTVjXkEyXkFqcGdeQXVyNTA4NzY1MzY@._V1_UX67_CR0,0,67,98_AL_.jpg",1961,U,110 min,"Action, Drama, Thriller",8.2,79.0,Akira Kurosawa,Toshirô Mifune,Eijirô Tôno,Tatsuya Nakadai,Yôko Tsukasa,111244,68034750,-0.4964683813631459,0.0009999999893289828,12
40,The General,1926,"Directors:Clyde Bruckman, Buster Keaton","Buster Keaton, Marion Mack, Glen Cavender, Jim Farley",8.2,67,Not Rated,$1.03M,Action,"Adventure,  Comedy","https://m.media-amazon.com/images/M/MV5BYmRiMDFlYjYtOTMwYy00OGY2LWE0Y2QtYzQxOGNhZmUwNTIxXkEyXkFqcGdeQXVyNzkwMjQ5NzM@._V1_UX67_CR0,0,67,98_AL_.jpg",1926,Passed,67 min,"Action, Adventure, Comedy",8.1,79.0,Clyde Bruckman,Buster Keaton,Buster Keaton,Marion Mack,Glen Cavender,81156,1033895,-0.5884218488656418,1.5196572177707547e-05,7
41,Sherlock Jr.,1924,Buster Keaton,"Buster Keaton, Kathryn McGuire, Joe Keaton, Erwin Connelly",8.2,45,Not Rated,$0.98M,Action,"Comedy,  Romance","https://m.media-amazon.com/images/M/MV5BZWFhOGU5NDctY2Q3YS00Y2VlLWI1NzEtZmIwY2ZiZjY4OTA2XkEyXkFqcGdeQXVyMDI2NDg0NQ@@._V1_UX67_CR0,0,67,98_AL_.jpg",1924,Passed,45 min,"Action, Comedy, Romance",8.2,79.0,Buster Keaton,Buster Keaton,Kathryn McGuire,Joe Keaton,Erwin Connelly,41985,977375,-0.7081343347583652,1.436582025465537e-05,7
42,Bajrangi Bhaijaan,2015,Kabir Khan,"Salman Khan, Harshaali Malhotra, Nawazuddin Siddiqui, Kareena Kapoor",8.1,163,UA,$8.18M,Action,"Adventure,  Comedy","https://m.media-amazon.com/images/M/MV5BMjE1NjQ5ODc2NV5BMl5BanBnXkFtZTgwOTM5ODIxNjE@._V1_UY98_CR0,0,67,98_AL_.jpg",2015,UA,163 min,"Action, Adventure, Comedy",8.0,79.0,Kabir Khan,Salman Khan,Harshaali Malhotra,Nawazuddin Siddiqui,Kareena Kapoor,72245,8178001,-0.6156552093055094,0.00012020329188734302,14
43,Logan,2017,James Mangold,"Hugh Jackman, Patrick Stewart, Dafne Keen, Boyd Holbrook",8.1,137,A,$226.28M,Action,"Drama,  Sci-Fi","https://m.media-amazon.com/images/M/MV5BYzc5MTU4N2EtYTkyMi00NjdhLTg3NWEtMTY4OTEyMzJhZTAzXkEyXkFqcGdeQXVyNjc1NTYyMjg@._V1_UX67_CR0,0,67,98_AL_.jpg",2017,A,137 min,"Action, Drama, Sci-Fi",8.1,77.0,James Mangold,Hugh Jackman,Patrick Stewart,Dafne Keen,Boyd Holbrook,647884,226277068,1.143584423759805,0.003325904270764477,1
44,Rush,2013,Ron Howard,"Daniel Brühl, Chris Hemsworth, Olivia Wilde, Alexandra Maria Lara",8.1,123,R,$26.95M,Action,"Biography,  Drama","https://m.media-amazon.com/images/M/MV5BOWEwODJmZDItYTNmZC00OGM4LThlNDktOTQzZjIzMGQxODA4XkEyXkFqcGdeQXVyNjU0OTQ0OTY@._V1_UX67_CR0,0,67,98_AL_.jpg",2013,UA,123 min,"Action, Biography, Drama",8.1,74.0,Ron Howard,Daniel Brühl,Chris Hemsworth,Olivia Wilde,Alexandra Maria Lara,432811,26947624,0.4862888867960892,0.00039608617232284146,14
45,Ford v Ferrari,2019,James Mangold,"Matt Damon, Christian Bale, Jon Bernthal, Caitríona Balfe",8.1,152,UA,$117.62M,Action,"Biography,  Drama","https://m.media-amazon.com/images/M/MV5BM2UwMDVmMDItM2I2Yi00NGZmLTk4ZTUtY2JjNTQ3OGQ5ZjM2XkEyXkFqcGdeQXVyMTA1OTYzOTUx._V1_UX67_CR0,0,67,98_AL_.jpg",2019,UA,152 min,"Action, Biography, Drama",8.1,81.0,James Mangold,Matt Damon,Christian Bale,Jon Bernthal,Caitriona Balfe,291289,117624028,0.05377630277959724,0.001728881589846835,14
46,Mad Max: Fury Road,2015,George Miller,"Tom Hardy, Charlize Theron, Nicholas Hoult, Zoë Kravitz",8.1,120,UA,$154.06M,Action,"Adventure,  Sci-Fi","https://m.media-amazon.com/images/M/MV5BN2EwM2I5OWMtMGQyMi00Zjg1LWJkNTctZTdjYTA4OGUwZjMyXkEyXkFqcGdeQXVyMTMxODk2OTU@._V1_UX67_CR0,0,67,98_AL_.jpg",2015,UA,120 min,"Action, Adventure, Sci-Fi",8.1,90.0,George Miller,Tom Hardy,Charlize Theron,Nicholas Hoult,Zoë Kravitz,882316,154058340,1.860043985496879,0.0022644066209700307,14
47,A Wednesday,2008,Neeraj Pandey,"Anupam Kher, Naseeruddin Shah, Veerendra Saxena, Mahesh Kanual",8.1,104,UA,Gross Unkown,Action,"Crime,  Drama","https://m.media-amazon.com/images/M/MV5BOTcwMzdiMWItMjZlOS00MzAzLTg5OTItNTA4OGYyMjBhMmRiXkEyXkFqcGdeQXVyODE5NzE3OTE@._V1_UY98_CR1,0,67,98_AL_.jpg",2008,UA,104 min,"Action, Crime, Drama",8.1,79.0,Neeraj Pandey,Anupam Kher,Naseeruddin Shah,Jimmy Sheirgill,Aamir Bashir,73891,68034750,-0.6106247849666,0.0009999999893289828,14
48,How to Train Your Dragon,2010,"Directors:Dean DeBlois, Chris Sanders","Jay Baruchel, Gerard Butler, Christopher Mintz-Plasse, Craig Ferguson",8.1,98,U,$217.58M,Animation,"Action,  Adventure","https://m.media-amazon.com/images/M/MV5BMjA5NDQyMjc2NF5BMl5BanBnXkFtZTcwMjg5ODcyMw@@._V1_UX67_CR0,0,67,98_AL_.jpg",2010,U,98 min,"Animation, Action, Adventure",8.1,75.0,Dean DeBlois,Chris Sanders,Jay Baruchel,Gerard Butler,Christopher Mintz-Plasse,666773,217581231,1.2013120576222964,0.003198089633285739,12
49,Pirates of the Caribbean: The Curse of the Black Pearl,2003,Gore Verbinski,"Johnny Depp, Geoffrey Rush, Orlando Bloom, Keira Knightley",8.1,143,UA,$305.41M,Action,"Adventure,  Fantasy","https://m.media-amazon.com/images/M/MV5BNGYyZGM5MGMtYTY2Ni00M2Y1LWIzNjQtYWUzM2VlNGVhMDNhXkEyXkFqcGdeQXVyMTMxODk2OTU@._V1_UX67_CR0,0,67,98_AL_.jpg",2003,UA,143 min,"Action, Adventure, Fantasy",8.0,63.0,Gore Verbinski,Johnny Depp,Geoffrey Rush,Orlando Bloom,Keira Knightley,1015122,305413918,2.2659191584939697,0.004489087043619956,14
50,Hera Pheri,2000,Priyadarshan,"Akshay Kumar, Suniel Shetty, Paresh Rawal, Tabu",8.1,156,U,Gross Unkown,Action,"Comedy,  Crime","https://m.media-amazon.com/images/M/MV5BMGMzZjY2ZWQtZjQxYS00NWY3LThhNjItNWQzNTkzOTllODljXkEyXkFqcGdeQXVyNjY1MTg4Mzc@._V1_UY98_CR1,0,67,98_AL_.jpg",2000,U,156 min,"Action, Comedy, Crime",8.2,79.0,Priyadarshan,Akshay Kumar,Sunil Shetty,Paresh Rawal,Tabu,57057,68034750,-0.66207202878264,0.0009999999893289828,12
51,The Iron Giant,1999,Brad Bird,"Eli Marienthal, Harry Connick Jr., Jennifer Aniston, Vin Diesel",8.1,86,U,$23.16M,Animation,"Action,  Adventure","https://m.media-amazon.com/images/M/MV5BMjIxNDU2Njk0OV5BMl5BanBnXkFtZTgwODc3Njc3NjE@._V1_UX67_CR0,0,67,98_AL_.jpg",1999,PG,86 min,"Animation, Action, Adventure",8.0,85.0,Brad Bird,Eli Marienthal,Harry Connick Jr.,Jennifer Aniston,Vin Diesel,172083,23159305,-0.3105352183285693,0.00034040405458779017,5
52,The Terminator,1984,James Cameron,"Arnold Schwarzenegger, Linda Hamilton, Michael Biehn, Paul Winfield",8.1,107,UA,$38.40M,Action,Sci-Fi,"https://m.media-amazon.com/images/M/MV5BYTViNzMxZjEtZGEwNy00MDNiLWIzNGQtZDY2MjQ1OWViZjFmXkEyXkFqcGdeQXVyNzkwMjQ5NzM@._V1_UX67_CR0,0,67,98_AL_.jpg",1984,UA,107 min,"Action, Sci-Fi",8.0,84.0,James Cameron,Arnold Schwarzenegger,Linda Hamilton,Michael Biehn,Paul Winfield,799795,38400000,1.6078473592082108,0.0005644174424133687,14
53,Blade Runner,1982,Ridley Scott,"Harrison Ford, Rutger Hauer, Sean Young, Edward James Olmos",8.1,117,UA,$32.87M,Action,"Drama,  Sci-Fi","https://m.media-amazon.com/images/M/MV5BNzQzMzJhZTEtOWM4NS00MTdhLTg0YjgtMjM4MDRkZjUwZDBlXkEyXkFqcGdeQXVyNjU0OTQ0OTY@._V1_UX67_CR0,0,67,98_AL_.jpg",1982,UA,117 min,"Action, Sci-Fi, Thriller",8.1,84.0,Ridley Scott,Harrison Ford,Rutger Hauer,Sean Young,Edward James Olmos,693827,32868943,1.2839931633725132,0.00048311991517944786,14
54,Sholay,1975,Ramesh Sippy,"Sanjeev Kumar, Dharmendra, Amitabh Bachchan, Amjad Khan",8.1,204,U,Gross Unkown,Action,"Adventure,  Comedy","https://m.media-amazon.com/images/M/MV5BOGZiM2IwODktNTdiMC00MGU1LWEyZTYtOTk4NTkwYmJkNmI1L2ltYWdlL2ltYWdlXkEyXkFqcGdeQXVyNjU0OTQ0OTY@._V1_UY98_CR2,0,67,98_AL_.jpg",1975,U,204 min,"Action, Adventure, Comedy",8.2,79.0,Ramesh Sippy,Sanjeev Kumar,Dharmendra,Amitabh Bachchan,Amjad Khan,51284,68034750,-0.6797151877793134,0.0009999999893289828,12
55,Kakushi-toride no san-akunin,1958,Akira Kurosawa,"Toshirô Mifune, Misa Uehara, Minoru Chiaki, Kamatari Fujiwara",8.1,139,Not Rated,Gross Unkown,Action,"Adventure,  Drama","https://m.media-amazon.com/images/M/MV5BYjJkN2Y5MTktZDRhOS00NTUwLWFiMzEtMTVlNWU4ODM0Y2E5XkEyXkFqcGdeQXVyNjc1NTYyMjg@._V1_UY98_CR1,0,67,98_AL_.jpg",1958,U,139 min,"Adventure, Drama",8.1,79.0,Akira Kurosawa,Toshirô Mifune,Misa Uehara,Minoru Chiaki,Kamatari Fujiwara,34797,68034750,-0.7301019472420112,0.0009999999893289828,12
56,White Heat,1949,Raoul Walsh,"James Cagney, Virginia Mayo, Edmond O'Brien, Margaret Wycherly",8.1,114,Not Rated,Gross Unkown,Action,"Crime,  Drama","https://m.media-amazon.com/images/M/MV5BZmI5NTA3MjItYzdhMi00MWMxLTg3OWMtYWQyYjg5MTFmM2U0L2ltYWdlL2ltYWdlXkEyXkFqcGdeQXVyNjc1NTYyMjg@._V1_UX67_CR0,0,67,98_AL_.jpg",1949,U,114 min,"Action, Crime, Drama",8.1,79.0,Raoul Walsh,James Cagney,Virginia Mayo,Edmond O'Brien,Margaret Wycherly,29807,68034750,-0.7453521401041971,0.0009999999893289828,12
57,Haider,2014,Vishal Bhardwaj,"Shahid Kapoor, Tabu, Shraddha Kapoor, Kay Kay Menon",8.0,160,UA,$0.90M,Action,"Crime,  Drama","https://m.media-amazon.com/images/M/MV5BMjA1NTEwMDMxMF5BMl5BanBnXkFtZTgwODkzMzI0MjE@._V1_UY98_CR0,0,67,98_AL_.jpg",2014,UA,160 min,"Action, Crime, Drama",8.1,79.0,Vishal Bhardwaj,Shahid Kapoor,Tabu,Shraddha Kapoor,Kay Kay Menon,50445,901610,-0.6822792983627551,1.325219818370618e-05,14
58,Bãhubali: The Beginning,2015,S.S. Rajamouli,"Prabhas, Rana Daggubati, Anushka Shetty, Tamannaah Bhatia",8.0,159,UA,$6.74M,Action,Drama,"https://m.media-amazon.com/images/M/MV5BYWVlMjVhZWYtNWViNC00ODFkLTk1MmItYjU1MDY5ZDdhMTU3XkEyXkFqcGdeQXVyODIwMDI1NjM@._V1_UX67_CR0,0,67,98_AL_.jpg",2015,UA,159 min,"Action, Drama",8.0,79.0,S.S. Rajamouli,Prabhas,Rana Daggubati,Ramya Krishnan,Sathyaraj,102972,6738000,-0.521748861394409,9.903762309847079e-05,14
59,Guardians of the Galaxy,2014,James Gunn,"Chris Pratt, Vin Diesel, Bradley Cooper, Zoe Saldana",8.0,121,UA,$333.18M,Action,"Adventure,  Comedy","https://m.media-amazon.com/images/M/MV5BMTAwMjU5OTgxNjZeQTJeQWpwZ15BbWU4MDUxNDYxODEx._V1_UX67_CR0,0,67,98_AL_.jpg",2014,UA,121 min,"Action, Adventure, Comedy",8.0,76.0,James Gunn,Chris Pratt,Vin Diesel,Bradley Cooper,Zoe Saldana,1043455,333176600,2.3525090812122698,0.004897153240728698,14
60,Blade Runner 2049,2017,Denis Villeneuve,"Harrison Ford, Ryan Gosling, Ana de Armas, Dave Bautista",8.0,164,UA,$92.05M,Action,"Drama,  Mystery","https://m.media-amazon.com/images/M/MV5BNzA1Njg4NzYxOV5BMl5BanBnXkFtZTgwODk5NjU3MzI@._V1_UX67_CR0,0,67,98_AL_.jpg",2017,UA,164 min,"Action, Drama, Mystery",8.0,81.0,Denis Villeneuve,Harrison Ford,Ryan Gosling,Ana de Armas,Dave Bautista,461823,92054159,0.5749539359579613,0.0013530461715180622,14
61,The Revenant,2015,Alejandro G. Iñárritu,"Leonardo DiCaprio, Tom Hardy, Will Poulter, Domhnall Gleeson",8.0,156,A,$183.64M,Action,"Adventure,  Drama","https://m.media-amazon.com/images/M/MV5BMDE5OWMzM2QtOTU2ZS00NzAyLWI2MDEtOTRlYjIxZGM0OWRjXkEyXkFqcGdeQXVyODE5NzE3OTE@._V1_UX67_CR0,0,67,98_AL_.jpg",2015,A,156 min,"Action, Adventure, Drama",8.0,76.0,Alejandro G. Iñárritu,Leonardo DiCaprio,Tom Hardy,Will Poulter,Domhnall Gleeson,705589,183637894,1.3199396099546838,0.0026991778766056592,1
62,Tropa de Elite 2: O Inimigo Agora é Outro,2010,José Padilha,"Wagner Moura, Irandhir Santos, André Ramiro, Milhem Cortaz",8.0,115,Not Rated,$0.10M,Action,"Crime,  Drama","https://m.media-amazon.com/images/M/MV5BMjEzMzMxOTUyNV5BMl5BanBnXkFtZTcwNjI3MDc5Ng@@._V1_UX67_CR0,0,67,98_AL_.jpg",2010,U,115 min,"Action, Crime, Drama",8.0,71.0,José Padilha,Wagner Moura,Irandhir Santos,André Ramiro,Milhem Cortaz,79200,100119,-0.5943996799755487,1.4715861957547932e-06,12
63,Deadpool,2016,Tim Miller,"Ryan Reynolds, Morena Baccarin, T.J. Miller, Ed Skrein",8.0,108,R,$363.07M,Action,"Adventure,  Comedy","https://m.media-amazon.com/images/M/MV5BYzE5MjY1ZDgtMTkyNC00MTMyLThhMjAtZGI5OTE1NzFlZGJjXkEyXkFqcGdeQXVyNjU0OTQ0OTY@._V1_UX67_CR0,0,67,98_AL_.jpg",2016,R,108 min,"Action, Adventure, Comedy",8.0,65.0,Tim Miller,Ryan Reynolds,Morena Baccarin,T.J. Miller,Ed Skrein,902669,363070709,1.9222458242391782,0.0053365479424215745,8
64,Nefes: Vatan Sagolsun,2009,Levent Semerci,"Mete Horozoglu, Ilker Kizmaz, Baris Bagci, Özgür Eren Koç",8.0,128,Not Rated,Gross Unkown,Action,"Drama,  Thriller","https://m.media-amazon.com/images/M/MV5BMjE2NjEyMDg0M15BMl5BanBnXkFtZTcwODYyODg5Mg@@._V1_UY98_CR0,0,67,98_AL_.jpg",2009,U,128 min,"Action, Drama, Thriller",8.0,79.0,Levent Semerci,Erdem Can,Mete Horozoglu,Ilker Kizmaz,Baris Bagci,31838,68034750,-0.7391450976787263,0.0009999999893289828,12
65,Tropa de Elite,2007,José Padilha,"Wagner Moura, André Ramiro, Caio Junqueira, Milhem Cortaz",8.0,115,R,$0.01M,Action,"Crime,  Drama","https://m.media-amazon.com/images/M/MV5BYmI1ODU5ZjMtNWUyNC00YzllLThjNzktODE1M2E4OTVmY2E5XkEyXkFqcGdeQXVyMTExNzQzMDE0._V1_UY98_CR1,0,67,98_AL_.jpg",2007,R,115 min,"Action, Crime, Drama",8.0,33.0,José Padilha,Wagner Moura,André Ramiro,Caio Junqueira,Milhem Cortaz,98097,8060,-0.5366475969060638,1.184688694232227e-07,8
66,The Avengers,2012,Joss Whedon,"Robert Downey Jr., Chris Evans, Scarlett Johansson, Jeremy Renner",8.0,143,UA,$623.28M,Action,"Adventure,  Sci-Fi","https://m.media-amazon.com/images/M/MV5BNDYxNjQyMjAtNTdiOS00NGYwLWFmNTAtNThmYjU5ZGI2YTI1XkEyXkFqcGdeQXVyMTMxODk2OTU@._V1_UX67_CR0,0,67,98_AL_.jpg",2012,UA,143 min,"Action, Adventure, Sci-Fi",8.0,69.0,Joss Whedon,Robert Downey Jr.,Chris Evans,Scarlett Johansson,Jeremy Renner,1260806,623279547,3.0167665298673803,0.009161193953809975,14
67,The Bourne Ultimatum,2007,Paul Greengrass,"Matt Damon, Edgar Ramírez, Joan Allen, Julia Stiles",8.0,115,UA,$227.47M,Action,"Mystery,  Thriller","https://m.media-amazon.com/images/M/MV5BNGNiNmU2YTMtZmU4OS00MjM0LTlmYWUtMjVlYjAzYjE2N2RjXkEyXkFqcGdeQXVyNDk3NzU2MTQ@._V1_UX67_CR0,0,67,98_AL_.jpg",2007,UA,115 min,"Action, Mystery, Thriller",8.0,85.0,Paul Greengrass,Matt Damon,Edgar Ramírez,Joan Allen,Julia Stiles,604694,227471070,1.0115892675037297,0.0033434541550112595,14
68,Taegukgi hwinalrimyeo,2004,Je-kyu Kang,"Jang Dong-Gun, Won Bin, Eun-ju Lee, Hyeong-jin Kong",8.0,140,R,$1.11M,Action,"Drama,  War","https://m.media-amazon.com/images/M/MV5BNjAxZTEzNzQtYjdlNy00ZTJmLTkwZDUtOTAwNTM3YjI2MWUyL2ltYWdlXkEyXkFqcGdeQXVyNTAyODkwOQ@@._V1_UX67_CR0,0,67,98_AL_.jpg",2004,R,140 min,"Action, Drama, War",8.1,64.0,Je-kyu Kang,Jang Dong-Gun,Won Bin,Eun-ju Lee,Hyeong-jin Kong,37820,1111061,-0.720863203149348,1.6330786666282287e-05,8
69,Casino Royale,2006,Martin Campbell,"Daniel Craig, Eva Green, Judi Dench, Jeffrey Wright",8.0,144,UA,$167.45M,Action,"Adventure,  Thriller","https://m.media-amazon.com/images/M/MV5BMDI5ZWJhOWItYTlhOC00YWNhLTlkNzctNDU5YTI1M2E1MWZhXkEyXkFqcGdeQXVyNTIzOTk5ODM@._V1_UX67_CR0,0,67,98_AL_.jpg",2006,PG-13,144 min,"Action, Adventure, Thriller",8.0,80.0,Martin Campbell,Daniel Craig,Eva Green,Judi Dench,Jeffrey Wright,582239,167445960,0.9429633996238924,0.0024611828251471677,6
70,Kill Bill: Vol. 2,2004,Quentin Tarantino,"Uma Thurman, David Carradine, Michael Madsen, Daryl Hannah",8.0,137,A,$66.21M,Action,"Crime,  Thriller","https://m.media-amazon.com/images/M/MV5BNmFiYmJmN2QtNWQwMi00MzliLThiOWMtZjQxNGRhZTQ1MjgyXkEyXkFqcGdeQXVyNzQ1ODk3MTQ@._V1_UX67_CR0,0,67,98_AL_.jpg",2004,A,137 min,"Action, Crime, Thriller",8.0,83.0,Quentin Tarantino,Uma Thurman,David Carradine,Michael Madsen,Daryl Hannah,683900,66208183,1.2536547536444729,0.0009731524300962572,1
71,Mou gaan dou,2002,"Directors:Andrew Lau, Alan Mak","Andy Lau, Tony Chiu-Wai Leung, Anthony Chau-Sang Wong, Eric Tsang",8.0,101,UA,$0.17M,Action,"Crime,  Drama","https://m.media-amazon.com/images/M/MV5BM2U0NTcxOTktN2MwZS00N2Q2LWJlYWItMTg0NWIyMDIxNzU5L2ltYWdlXkEyXkFqcGdeQXVyNTAyODkwOQ@@._V1_UY98_CR1,0,67,98_AL_.jpg",2002,UA,101 min,"Action, Crime, Drama",8.0,75.0,Andrew Lau,Alan Mak,Andy Lau,Tony Chiu-Wai Leung,Anthony Chau-Sang Wong,117857,169659,-0.4762580556321567,2.4937109078752533e-06,14
72,The Incredibles,2004,Brad Bird,"Craig T. Nelson, Samuel L. Jackson, Holly Hunter, Jason Lee",8.0,115,U,$261.44M,Animation,"Action,  Adventure","https://m.media-amazon.com/images/M/MV5BMTY5OTU0OTc2NV5BMl5BanBnXkFtZTcwMzU4MDcyMQ@@._V1_UX67_CR0,0,67,98_AL_.jpg",2004,U,115 min,"Animation, Action, Adventure",8.0,90.0,Brad Bird,Craig T. Nelson,Samuel L. Jackson,Holly Hunter,Jason Lee,657047,261441092,1.1715879342199673,0.003842758137718704,12
73,"Shin seiki Evangelion Gekijô-ban: Air/Magokoro wo, kimi ni",1997,"Directors:Hideaki Anno, Kazuya Tsurumaki","Megumi Ogata, Megumi Hayashibara, Yûko Miyamura, Kotono Mitsuishi",8.0,87,Not Rated,Gross Unkown,Animation,"Action,  Drama","https://m.media-amazon.com/images/M/MV5BZjJhMThkNTQtNjkxNy00MDdjLTg4MWQtMTI2MmQ3MDVmODUzXkEyXkFqcGdeQXVyMTAwOTA3NzY3._V1_UY98_CR1,0,67,98_AL_.jpg",1997,UA,87 min,"Animation, Action, Drama",8.1,79.0,Hideaki Anno,Kazuya Tsurumaki,Megumi Ogata,Megumi Hayashibara,Yûko Miyamura,38847,68034750,-0.7177245362015595,0.0009999999893289828,14
74,Andaz Apna Apna,1994,Rajkumar Santoshi,"Aamir Khan, Salman Khan, Raveena Tandon, Karisma Kapoor",8.0,160,U,Gross Unkown,Action,"Comedy,  Romance","https://m.media-amazon.com/images/M/MV5BZTIwYzRjMGYtZWQ0Ni00NDZhLThhZDYtOGViZGJiZTkwMzk2XkEyXkFqcGdeQXVyODE5NzE3OTE@._V1_UY98_CR3,0,67,98_AL_.jpg",1994,U,160 min,"Action, Comedy, Romance",8.2,79.0,Rajkumar Santoshi,Aamir Khan,Salman Khan,Raveena Tandon,Karisma Kapoor,49300,68034750,-0.6857785911136977,0.0009999999893289828,12
75,Akira,1988,Katsuhiro Ôtomo,"Mitsuo Iwata, Nozomu Sasaki, Mami Koyama, Tesshô Genda",8.0,124,UA,$0.55M,Animation,"Action,  Drama","https://m.media-amazon.com/images/M/MV5BM2ZiZTk1ODgtMTZkNS00NTYxLWIxZTUtNWExZGYwZTRjODViXkEyXkFqcGdeQXVyMTE2MzA3MDM@._V1_UX67_CR0,0,67,98_AL_.jpg",1988,UA,124 min,"Animation, Action, Sci-Fi",8.0,79.0,Katsuhiro Ôtomo,Mitsuo Iwata,Nozomu Sasaki,Mami Koyama,Tesshô Genda,164918,553171,-0.332432539342109,8.130712527011604e-06,14
76,Sanjuro,1962,Akira Kurosawa,"Toshirô Mifune, Tatsuya Nakadai, Keiju Kobayashi, Yûnosuke Itô",8.0,96,U,Gross Unkown,Action,"Drama,  Thriller","https://m.media-amazon.com/images/M/MV5BZmY3MDlmODctYTY3Yi00NzYyLWIxNTUtYjVlZWZjMmMwZTBkXkEyXkFqcGdeQXVyMzAxNjg3MjQ@._V1_UX67_CR0,0,67,98_AL_.jpg",1962,U,96 min,"Action, Comedy, Crime",8.1,79.0,Akira Kurosawa,Toshirô Mifune,Tatsuya Nakadai,Keiju Kobayashi,Yûnosuke Itô,33044,68034750,-0.7354593797244584,0.0009999999893289828,12
77,Airlift,2016,Raja Menon,"Akshay Kumar, Nimrat Kaur, Kumud Mishra, Prakash Belawadi",7.9,130,UA,Gross Unkown,Action,"Drama,  History","https://m.media-amazon.com/images/M/MV5BMGE1ZTkyOTMtMTdiZS00YzI2LTlmYWQtOTE5YWY0NWVlNjlmXkEyXkFqcGdeQXVyNjQ3ODkxMjE@._V1_UY98_CR0,0,67,98_AL_.jpg",2016,UA,130 min,"Drama, History",8.0,79.0,Raja Menon,Akshay Kumar,Nimrat Kaur,Kumud Mishra,Prakash Belawadi,52897,68034750,-0.674785616419252,0.0009999999893289828,14
78,Baby,2015,Neeraj Pandey,"Akshay Kumar, Danny Denzongpa, Rana Daggubati, Taapsee Pannu",7.9,159,UA,Gross Unkown,Action,"Crime,  Thriller","https://m.media-amazon.com/images/M/MV5BYTdhNjBjZDctYTlkYy00ZGIxLWFjYTktODk5ZjNlMzI4NjI3XkEyXkFqcGdeQXVyMjY1MjkzMjE@._V1_UY98_CR0,0,67,98_AL_.jpg",2015,UA,159 min,"Action, Crime, Thriller",8.0,79.0,Neeraj Pandey,Akshay Kumar,Danny Denzongpa,Rana Daggubati,Taapsee Pannu,52848,68034750,-0.6749353678120872,0.0009999999893289828,14
79,Thor: Ragnarok,2017,Taika Waititi,"Chris Hemsworth, Tom Hiddleston, Cate Blanchett, Mark Ruffalo",7.9,130,UA,$315.06M,Action,"Adventure,  Comedy","https://m.media-amazon.com/images/M/MV5BMjMyNDkzMzI1OF5BMl5BanBnXkFtZTgwODcxODg5MjI@._V1_UX67_CR0,0,67,98_AL_.jpg",2017,UA,130 min,"Action, Adventure, Comedy",7.9,74.0,Taika Waititi,Chris Hemsworth,Tom Hiddleston,Cate Blanchett,Mark Ruffalo,587775,315058289,0.9598822508633837,0.004630843585638333,14
80,Serbuan maut 2: Berandal,2014,Gareth Evans,"Iko Uwais, Yayan Ruhian, Arifin Putra, Oka Antara",7.9,150,A,$2.63M,Action,"Crime,  Thriller","https://m.media-amazon.com/images/M/MV5BMTg5MTE2NjA4OV5BMl5BanBnXkFtZTgwMTUyMjczMTE@._V1_UX67_CR0,0,67,98_AL_.jpg",2014,A,150 min,"Action, Crime, Thriller",8.0,71.0,Gareth Evans,Iko Uwais,Yayan Ruhian,Arifin Putra,Oka Antara,114316,2625803,-0.4870798858776478,3.859502639430601e-05,1
81,X-Men: Days of Future Past,2014,Bryan Singer,"Patrick Stewart, Ian McKellen, Hugh Jackman, James McAvoy",7.9,132,UA,$233.92M,Action,"Adventure,  Sci-Fi","https://m.media-amazon.com/images/M/MV5BZGIzNWYzN2YtMjcwYS00YjQ3LWI2NjMtOTNiYTUyYjE2MGNkXkEyXkFqcGdeQXVyMTQxNzMzNDI@._V1_UX67_CR0,0,67,98_AL_.jpg",2014,UA,132 min,"Action, Adventure, Sci-Fi",7.9,75.0,Bryan Singer,Patrick Stewart,Ian McKellen,Hugh Jackman,James McAvoy,659763,233921534,1.1798884399942555,0.003438265467335726,14
82,Edge of Tomorrow,2014,Doug Liman,"Tom Cruise, Emily Blunt, Bill Paxton, Brendan Gleeson",7.9,113,UA,$100.21M,Action,"Adventure,  Sci-Fi","https://m.media-amazon.com/images/M/MV5BMTc5OTk4MTM3M15BMl5BanBnXkFtZTgwODcxNjg3MDE@._V1_UX67_CR0,0,67,98_AL_.jpg",2014,UA,113 min,"Action, Adventure, Sci-Fi",7.9,71.0,Doug Liman,Tom Cruise,Emily Blunt,Bill Paxton,Brendan Gleeson,600004,100206256,0.9972559199037992,0.0014728687168057105,14
83,District 9,2009,Neill Blomkamp,"Sharlto Copley, David James, Jason Cope, Nathalie Boltt",7.9,112,A,$115.65M,Action,"Sci-Fi,  Thriller","https://m.media-amazon.com/images/M/MV5BYmQ5MzFjYWMtMTMwNC00ZGU5LWI3YTQtYzhkMGExNGFlY2Q0XkEyXkFqcGdeQXVyNTIzOTk5ODM@._V1_UX67_CR0,0,67,98_AL_.jpg",2009,A,112 min,"Action, Sci-Fi, Thriller",7.9,81.0,Neill Blomkamp,Sharlto Copley,David James,Jason Cope,Nathalie Boltt,638202,115646235,1.1139947709959401,0.0016998112547769637,1
84,Star Trek,2009,J.J. Abrams,"Chris Pine, Zachary Quinto, Simon Pegg, Leonard Nimoy",7.9,127,UA,$257.73M,Action,"Adventure,  Sci-Fi","https://m.media-amazon.com/images/M/MV5BMjE5NDQ5OTE4Ml5BMl5BanBnXkFtZTcwOTE3NDIzMw@@._V1_UX67_CR0,0,67,98_AL_.jpg",2009,UA,127 min,"Action, Adventure, Sci-Fi",7.9,82.0,J.J. Abrams,Chris Pine,Zachary Quinto,Simon Pegg,Leonard Nimoy,577336,257730019,0.9279790918877605,0.003788211410341899,14
85,Letters from Iwo Jima,2006,Clint Eastwood,"Ken Watanabe, Kazunari Ninomiya, Tsuyoshi Ihara, Ryô Kase",7.9,141,UA,$13.76M,Action,"Adventure,  Drama","https://m.media-amazon.com/images/M/MV5BMjE0NzgwODI4M15BMl5BanBnXkFtZTcwNjg3OTA0MQ@@._V1_UX67_CR0,0,67,98_AL_.jpg",2006,UA,141 min,"Action, Adventure, Drama",7.9,89.0,Clint Eastwood,Ken Watanabe,Kazunari Ninomiya,Tsuyoshi Ihara,Ryô Kase,154011,13756082,-0.3657659769268511,0.00020219199531428588,14
86,Iron Man,2008,Jon Favreau,"Robert Downey Jr., Gwyneth Paltrow, Terrence Howard, Jeff Bridges",7.9,126,UA,$318.41M,Action,"Adventure,  Sci-Fi","https://m.media-amazon.com/images/M/MV5BMTczNTI2ODUwOF5BMl5BanBnXkFtZTcwMTU0NTIzMw@@._V1_UX67_CR0,0,67,98_AL_.jpg",2008,UA,126 min,"Action, Adventure, Sci-Fi",7.9,79.0,Jon Favreau,Robert Downey Jr.,Gwyneth Paltrow,Terrence Howard,Jeff Bridges,939644,318412101,2.03524700281219,0.004680139158330397,14
87,Ying xiong,2002,Yimou Zhang,"Jet Li, Tony Chiu-Wai Leung, Maggie Cheung, Ziyi Zhang",7.9,120,UA,$53.71M,Action,"Adventure,  Drama","https://m.media-amazon.com/images/M/MV5BMWQ2MjQ0OTctMWE1OC00NjZjLTk3ZDAtNTk3NTZiYWMxYTlmXkEyXkFqcGdeQXVyMTQxNzMzNDI@._V1_UX67_CR0,0,67,98_AL_.jpg",2002,PG-13,120 min,"Action, Adventure, History",7.9,85.0,Yimou Zhang,Jet Li,Tony Chiu-Wai Leung,Maggie Cheung,Ziyi Zhang,173999,53710019,-0.3046796332536297,0.0007894497801029541,6
88,The Bourne Identity,2002,Doug Liman,"Franka Potente, Matt Damon, Chris Cooper, Clive Owen",7.9,119,UA,$121.66M,Action,"Mystery,  Thriller","https://m.media-amazon.com/images/M/MV5BM2JkNGU0ZGMtZjVjNS00NjgyLWEyOWYtZmRmZGQyN2IxZjA2XkEyXkFqcGdeQXVyNTIzOTk5ODM@._V1_UX67_CR0,0,67,98_AL_.jpg",2002,UA,119 min,"Action, Mystery, Thriller",7.9,68.0,Doug Liman,Franka Potente,Matt Damon,Chris Cooper,Clive Owen,508771,121661683,0.7184341071992261,0.0017882285405876567,14
89,Children of Men,2006,Alfonso Cuarón,"Julianne Moore, Clive Owen, Chiwetel Ejiofor, Michael Caine",7.9,109,A,$35.55M,Action,"Drama,  Sci-Fi","https://m.media-amazon.com/images/M/MV5BMTQ5NTI2NTI4NF5BMl5BanBnXkFtZTcwNjk2NDA2OQ@@._V1_UX67_CR0,0,67,98_AL_.jpg",2006,A,109 min,"Adventure, Drama, Sci-Fi",7.9,84.0,Alfonso Cuarón,Julianne Moore,Clive Owen,Chiwetel Ejiofor,Michael Caine,465113,35552383,0.5850086723340319,0.0005225621115770971,1
90,Wo hu cang long,2000,Ang Lee,"Chow Yun-Fat, Michelle Yeoh, Ziyi Zhang, Chang Chen",7.9,120,UA,$128.08M,Action,"Adventure,  Drama","https://m.media-amazon.com/images/M/MV5BNDdhMzMxOTctNDMyNS00NTZmLTljNWEtNTc4MDBmZTYxY2NmXkEyXkFqcGdeQXVyNjU0OTQ0OTY@._V1_UX67_CR0,0,67,98_AL_.jpg",2000,UA,120 min,"Action, Adventure, Fantasy",7.8,94.0,Ang Lee,Yun-Fat Chow,Michelle Yeoh,Ziyi Zhang,Chen Chang,253228,128078872,-0.0625438556427802,0.0018825507646205526,14
91,Knockin' on Heaven's Door,1997,Thomas Jahn,"Til Schweiger, Jan Josef Liefers, Thierry van Werveke, Moritz Bleibtreu",7.9,87,Not Rated,$0.00M,Action,"Crime,  Comedy","https://m.media-amazon.com/images/M/MV5BMTk2MjcxNjMzN15BMl5BanBnXkFtZTgwMTE3OTEwNjE@._V1_UY98_CR3,0,67,98_AL_.jpg",1997,U,87 min,"Action, Crime, Comedy",8.0,79.0,Thomas Jahn,Til Schweiger,Jan Josef Liefers,Thierry van Werveke,Moritz Bleibtreu,27721,3296,-0.7517272708277483,4.8445830473814145e-08,12
92,Kôkaku Kidôtai,1995,Mamoru Oshii,"Atsuko Tanaka, Iemasa Kayumi, Akio Ôtsuka, Kôichi Yamadera",7.9,83,UA,$0.52M,Animation,"Action,  Crime","https://m.media-amazon.com/images/M/MV5BYWRiYjQyOGItNzQ1Mi00MGI1LWE3NjItNTg1ZDQwNjUwNDM2XkEyXkFqcGdeQXVyNTAyODkwOQ@@._V1_UX67_CR0,0,67,98_AL_.jpg",1995,UA,83 min,"Animation, Action, Crime",8.0,76.0,Mamoru Oshii,Atsuko Tanaka,Iemasa Kayumi,Akio Ôtsuka,Kôichi Yamadera,129231,515905,-0.44149739558916984,7.582963037194505e-06,14
93,The Blues Brothers,1980,John Landis,"John Belushi, Dan Aykroyd, Cab Calloway, John Candy",7.9,133,U,$57.23M,Action,"Adventure,  Comedy","https://m.media-amazon.com/images/M/MV5BYTdlMDExOGUtN2I3MS00MjY5LWE1NTAtYzc3MzIxN2M3OWY1XkEyXkFqcGdeQXVyNzkwMjQ5NzM@._V1_UX67_CR0,0,67,98_AL_.jpg",1980,U,133 min,"Action, Adventure, Comedy",7.9,60.0,John Landis,John Belushi,Dan Aykroyd,Cab Calloway,John Candy,183182,57229890,-0.27661499977598347,0.0008411861495676673,12
94,The Wild Bunch,1969,Sam Peckinpah,"William Holden, Ernest Borgnine, Robert Ryan, Edmond O'Brien",7.9,145,A,$12.06M,Action,"Adventure,  Western","https://m.media-amazon.com/images/M/MV5BNGUyYTZmOWItMDJhMi00N2IxLWIyNDMtNjUxM2ZiYmU5YWU1XkEyXkFqcGdeQXVyNjc1NTYyMjg@._V1_UX67_CR0,0,67,98_AL_.jpg",1969,A,145 min,"Action, Adventure, Western",7.9,97.0,Sam Peckinpah,William Holden,Ernest Borgnine,Robert Ryan,Edmond O'Brien,77401,12064472,-0.5998976953982086,0.00017732808412259635,1
95,Per un pugno di dollari,1964,Sergio Leone,"Clint Eastwood, Gian Maria Volontè, Marianne Koch, Wolfgang Lukschy",7.9,99,A,$14.50M,Action,"Drama,  Western","https://m.media-amazon.com/images/M/MV5BYjA1MGVlMGItNzgxMC00OWY4LWI4YjEtNTNmYWIzMGUxOGQzXkEyXkFqcGdeQXVyNjc1NTYyMjg@._V1_UY98_CR0,0,67,98_AL_.jpg",1964,A,99 min,"Action, Drama, Western",8.0,65.0,Sergio Leone,Clint Eastwood,Gian Maria Volontè,Marianne Koch,Wolfgang Lukschy,198219,14500000,-0.2306596590808549,0.00021312637799463142,1
96,The Adventures of Robin Hood,1938,"Directors:Michael Curtiz, William Keighley","Errol Flynn, Olivia de Havilland, Basil Rathbone, Claude Rains",7.9,102,PG,$3.98M,Action,"Adventure,  Romance","https://m.media-amazon.com/images/M/MV5BYjZjOTU3MTMtYTM5YS00YjZmLThmNmMtODcwOTM1NmRiMWM2XkEyXkFqcGdeQXVyNjc1NTYyMjg@._V1_UX67_CR0,0,67,98_AL_.jpg",1938,PG,102 min,"Action, Adventure, Romance",7.9,97.0,Michael Curtiz,William Keighley,Errol Flynn,Olivia de Havilland,Basil Rathbone,47175,3981000,-0.692272911721342,5.851421453769846e-05,5
97,The Gentlemen,2019,Guy Ritchie,"Matthew McConaughey, Charlie Hunnam, Michelle Dockery, Jeremy Strong",7.8,113,A,$36.47M,Action,"Comedy,  Crime","https://m.media-amazon.com/images/M/MV5BMTlkMmVmYjktYTc2NC00ZGZjLWEyOWUtMjc2MDMwMjQwOTA5XkEyXkFqcGdeQXVyNTI4MzE4MDU@._V1_UX67_CR0,0,67,98_AL_.jpg",2019,A,113 min,"Action, Comedy, Crime",7.8,51.0,Guy Ritchie,Matthew McConaughey,Charlie Hunnam,Michelle Dockery,Jeremy Strong,237392,68034750,-0.11094106088638309,0.0009999999893289828,1
98,Dunkirk,2017,Christopher Nolan,"Fionn Whitehead, Barry Keoghan, Mark Rylance, Tom Hardy",7.8,106,UA,$188.37M,Action,"Drama,  History","https://m.media-amazon.com/images/M/MV5BN2YyZjQ0NTEtNzU5MS00NGZkLTg0MTEtYzJmMWY3MWRhZjM2XkEyXkFqcGdeQXVyMDA4NzMyOA@@._V1_UX67_CR0,0,67,98_AL_.jpg",2017,UA,106 min,"Action, Drama, History",7.8,94.0,Christopher Nolan,Fionn Whitehead,Barry Keoghan,Mark Rylance,Tom Hardy,555092,188373161,0.8599980718423764,0.0027687785872641075,14
99,Rogue One,2016,Gareth Edwards,"Felicity Jones, Diego Luna, Alan Tudyk, Donnie Yen",7.8,133,UA,$532.18M,Action,"Adventure,  Sci-Fi","https://m.media-amazon.com/images/M/MV5BMjEwMzMxODIzOV5BMl5BanBnXkFtZTgwNzg3OTAzMDI@._V1_UX67_CR0,0,67,98_AL_.jpg",2016,UA,133 min,"Action, Adventure, Sci-Fi",7.8,65.0,Gareth Edwards,Felicity Jones,Diego Luna,Alan Tudyk,Donnie Yen,556608,532177324,0.8646311965676418,0.00782213969068934,14
100,Captain America: Civil War,2016,"Directors:Anthony Russo, Joe Russo","Chris Evans, Robert Downey Jr., Scarlett Johansson, Sebastian Stan",7.8,147,UA,$408.08M,Action,"Adventure,  Sci-Fi","https://m.media-amazon.com/images/M/MV5BMjQ0MTgyNjAxMV5BMl5BanBnXkFtZTgwNjUzMDkyODE@._V1_UX67_CR0,0,67,98_AL_.jpg",2016,UA,147 min,"Action, Adventure, Sci-Fi",7.8,75.0,Anthony Russo,Joe Russo,Chris Evans,Robert Downey Jr.,Scarlett Johansson,663649,408084349,1.1917646422913406,0.005998175118528765,14
101,Star Wars: Episode VII - The Force Awakens,2015,J.J. Abrams,"Daisy Ridley, John Boyega, Oscar Isaac, Domhnall Gleeson",7.8,138,U,$936.66M,Action,"Adventure,  Sci-Fi","https://m.media-amazon.com/images/M/MV5BOTAzODEzNDAzMl5BMl5BanBnXkFtZTgwMDU1MTgzNzE@._V1_UX67_CR0,0,67,98_AL_.jpg",2015,U,138 min,"Action, Adventure, Sci-Fi",7.9,80.0,J.J. Abrams,Daisy Ridley,John Boyega,Oscar Isaac,Domhnall Gleeson,860823,936662225,1.7943581347580084,0.013767408787492587,12
102,Big Hero 6,2014,"Directors:Don Hall, Chris Williams","Ryan Potter, Scott Adsit, Jamie Chung, T.J. Miller",7.8,102,U,$222.53M,Animation,"Action,  Adventure","https://m.media-amazon.com/images/M/MV5BMDliOTIzNmUtOTllOC00NDU3LWFiNjYtMGM0NDc1YTMxNjYxXkEyXkFqcGdeQXVyNTM3NzExMDQ@._V1_UY98_CR1,0,67,98_AL_.jpg",2014,U,102 min,"Animation, Action, Adventure",7.8,74.0,Don Hall,Chris Williams,Ryan Potter,Scott Adsit,Jamie Chung,410983,222527828,0.4195792255143663,0.0032707965506656774,12
103,Captain America: The Winter Soldier,2014,"Directors:Anthony Russo, Joe Russo","Chris Evans, Samuel L. Jackson, Scarlett Johansson, Robert Redford",7.8,136,UA,$259.77M,Action,"Adventure,  Sci-Fi","https://m.media-amazon.com/images/M/MV5BMzA2NDkwODAwM15BMl5BanBnXkFtZTgwODk5MTgzMTE@._V1_UY98_CR0,0,67,98_AL_.jpg",2014,UA,136 min,"Action, Adventure, Sci-Fi",7.7,70.0,Anthony Russo,Joe Russo,Chris Evans,Samuel L. Jackson,Scarlett Johansson,736182,259766572,1.4134364336486434,0.00381814542168563,14
104,How to Train Your Dragon 2,2014,Dean DeBlois,"Jay Baruchel, Cate Blanchett, Gerard Butler, Craig Ferguson",7.8,102,U,$177.00M,Animation,"Action,  Adventure","https://m.media-amazon.com/images/M/MV5BMzMwMTAwODczN15BMl5BanBnXkFtZTgwMDk2NDA4MTE@._V1_UX67_CR0,0,67,98_AL_.jpg",2014,U,102 min,"Animation, Action, Adventure",7.8,76.0,Dean DeBlois,Jay Baruchel,Cate Blanchett,Gerard Butler,Craig Ferguson,305611,177002924,0.09754649559968315,0.002601654626660622,12
105,Ang-ma-reul bo-at-da,2010,Jee-woon Kim,"Lee Byung-hun, Choi Min-sik, Jeon Gook-hwan, Ho-jin Chun",7.8,144,Not Rated,$0.13M,Action,"Crime,  Drama","https://m.media-amazon.com/images/M/MV5BZjRmNjc5MTYtYjc3My00ZjNiLTg4YjUtMTQ0ZTFkZmMxMDUzXkEyXkFqcGdeQXVyNDY5MTUyNjU@._V1_UY98_CR3,0,67,98_AL_.jpg",2010,U,144 min,"Action, Crime, Drama",7.8,67.0,Jee-woon Kim,Lee Byung-Hun,Choi Min-sik,Jeon Gook-Hwan,Ho-jin Chun,111252,128392,-0.4964439321561524,1.8871532361025322e-06,12
106,Captain Phillips,2013,Paul Greengrass,"Tom Hanks, Barkhad Abdi, Barkhad Abdirahman, Catherine Keener",7.8,134,UA,$107.10M,Action,"Biography,  Crime","https://m.media-amazon.com/images/M/MV5BODhiZWRhMjctNDUyMS00NmUwLTgwYmItMjJhOWNkZWQ3ZTQxXkEyXkFqcGdeQXVyMTMxODk2OTU@._V1_UX67_CR0,0,67,98_AL_.jpg",2013,UA,134 min,"Adventure, Biography, Crime",7.8,82.0,Paul Greengrass,Tom Hanks,Barkhad Abdi,Barkhad Abdirahman,Catherine Keener,421244,107100855,0.4509383896343846,0.0015742080900881523,14
107,Chugyeokja,2008,Na Hong-jin,"Kim Yoon-seok, Ha Jung-woo, Yeong-hie Seo, Kim Yoo-jeong",7.8,125,Not Rated,Gross Unkown,Action,"Crime,  Drama","https://m.media-amazon.com/images/M/MV5BY2ViOTU5MDQtZTRiZi00YjViLWFiY2ItOTRhNWYyN2ZiMzUyXkEyXkFqcGdeQXVyNTAyODkwOQ@@._V1_UY98_CR1,0,67,98_AL_.jpg",2008,U,125 min,"Action, Crime, Thriller",7.8,64.0,Hong-jin Na,Kim Yoon-seok,Jung-woo Ha,Yeong-hie Seo,Yoo-Jeong Kim,58468,68034750,-0.6577597998991642,0.0009999999893289828,12
108,Skyfall,2012,Sam Mendes,"Daniel Craig, Javier Bardem, Naomie Harris, Judi Dench",7.8,143,UA,$304.36M,Action,"Adventure,  Thriller","https://m.media-amazon.com/images/M/MV5BMWZiNjE2OWItMTkwNy00ZWQzLWI0NTgtMWE0NjNiYTljN2Q1XkEyXkFqcGdeQXVyNzAwMjYxMzA@._V1_UX67_CR0,0,67,98_AL_.jpg",2012,UA,143 min,"Action, Adventure, Thriller",7.7,81.0,Sam Mendes,Daniel Craig,Javier Bardem,Naomie Harris,Judi Dench,630614,304360277,1.0908046981626198,0.0044736002374105325,14
109,The Fighter,2010,David O. Russell,"Mark Wahlberg, Christian Bale, Amy Adams, Melissa Leo",7.8,116,UA,$93.62M,Action,"Biography,  Drama","https://m.media-amazon.com/images/M/MV5BMTM0ODk3MjM1MV5BMl5BanBnXkFtZTcwNzc1MDIwNA@@._V1_UX67_CR0,0,67,98_AL_.jpg",2010,UA,116 min,"Biography, Drama, Sport",7.8,79.0,David O. Russell,Mark Wahlberg,Christian Bale,Amy Adams,Melissa Leo,340584,93617009,0.2044292601225755,0.0013760175204731594,14
110,Taken,2008,Pierre Morel,"Liam Neeson, Maggie Grace, Famke Janssen, Leland Orser",7.8,90,A,$145.00M,Action,"Crime,  Thriller","https://m.media-amazon.com/images/M/MV5BMTM4NzQ0OTYyOF5BMl5BanBnXkFtZTcwMDkyNjQyMg@@._V1_UX67_CR0,0,67,98_AL_.jpg",2008,A,90 min,"Action, Thriller",7.8,51.0,Pierre Morel,Liam Neeson,Maggie Grace,Famke Janssen,Leland Orser,564791,145000989,0.8896396791711023,0.0021312783166351303,1
111,Drive,2011,Nicolas Winding Refn,"Ryan Gosling, Carey Mulligan, Bryan Cranston, Albert Brooks",7.8,100,A,$35.06M,Action,Drama,"https://m.media-amazon.com/images/M/MV5BZjY5ZjQyMjMtMmEwOC00Nzc2LTllYTItMmU2MzJjNTg1NjY0XkEyXkFqcGdeQXVyNjQ1MTMzMDQ@._V1_UX67_CR0,0,67,98_AL_.jpg",2011,A,100 min,"Crime, Drama",7.8,78.0,Nicolas Winding Refn,Ryan Gosling,Carey Mulligan,Bryan Cranston,Albert Brooks,571571,35061555,0.9103603820980806,0.0005153477395868661,1
112,Avatar,2009,James Cameron,"Sam Worthington, Zoe Saldana, Sigourney Weaver, Michelle Rodriguez",7.8,162,UA,$760.51M,Action,"Adventure,  Fantasy","https://m.media-amazon.com/images/M/MV5BMTYwOTEwNjAzMl5BMl5BanBnXkFtZTcwODc5MTUwMw@@._V1_UX67_CR0,0,67,98_AL_.jpg",2009,UA,162 min,"Action, Adventure, Fantasy",7.8,83.0,James Cameron,Sam Worthington,Zoe Saldana,Sigourney Weaver,Michelle Rodriguez,1118998,760507625,2.5833798867008713,0.011178223141624097,14
113,Apocalypto,2006,Mel Gibson,"Gerardo Taracena, Raoul Max Trujillo, Dalia Hernández, Rudy Youngblood",7.8,139,A,$50.87M,Action,"Adventure,  Drama","https://m.media-amazon.com/images/M/MV5BMzhmNGMzMDMtZDM0Yi00MmVmLWExYjAtZDhjZjcxZDM0MzJhXkEyXkFqcGdeQXVyNjU0OTQ0OTY@._V1_UX67_CR0,0,67,98_AL_.jpg",2006,A,139 min,"Action, Adventure, Drama",7.8,68.0,Mel Gibson,Gerardo Taracena,Raoul Max Trujillo,Dalia Hernández,Rudy Youngblood,291018,50866635,0.052948085892692946,0.0007476566674706861,1
114,Hot Fuzz,2007,Edgar Wright,"Simon Pegg, Nick Frost, Martin Freeman, Bill Nighy",7.8,121,A,$23.64M,Action,"Comedy,  Mystery","https://m.media-amazon.com/images/M/MV5BMzg4MDJhMDMtYmJiMS00ZDZmLThmZWUtYTMwZDM1YTc5MWE2XkEyXkFqcGdeQXVyNjU0OTQ0OTY@._V1_UX67_CR0,0,67,98_AL_.jpg",2007,UA,121 min,"Action, Comedy, Mystery",7.8,81.0,Edgar Wright,Simon Pegg,Nick Frost,Martin Freeman,Bill Nighy,463466,23637265,0.5799751918442482,0.00034742928794132905,14
115,Serenity,2005,Joss Whedon,"Nathan Fillion, Gina Torres, Chiwetel Ejiofor, Alan Tudyk",7.8,119,PG-13,$25.51M,Action,"Adventure,  Sci-Fi","https://m.media-amazon.com/images/M/MV5BOWE2MDAwZjEtODEyOS00ZjYyLTgzNDUtYmNiY2VmNWRiMTQxXkEyXkFqcGdeQXVyNTIzOTk5ODM@._V1_UX67_CR0,0,67,98_AL_.jpg",2005,PG-13,119 min,"Action, Adventure, Sci-Fi",7.8,74.0,Joss Whedon,Nathan Fillion,Gina Torres,Chiwetel Ejiofor,Alan Tudyk,283310,25514517,0.02939127495447048,0.00037502183410292753,6
116,The Last Samurai,2003,Edward Zwick,"Tom Cruise, Ken Watanabe, Billy Connolly, William Atherton",7.8,154,UA,$111.11M,Action,Drama,"https://m.media-amazon.com/images/M/MV5BMzkyNzQ1Mzc0NV5BMl5BanBnXkFtZTcwODg3MzUzMw@@._V1_UX67_CR0,0,67,98_AL_.jpg",2003,UA,154 min,"Action, Drama",7.7,55.0,Edward Zwick,Tom Cruise,Ken Watanabe,Billy Connolly,William Atherton,400049,111110575,0.3861632718560212,0.0016331444418379892,14
117,Cowboy Bebop: Tengoku no tobira,2001,"Directors:Shin'ichirô Watanabe, Tensai Okamura, Hiroyuki Okiura, Yoshiyuki Takei","Beau Billingslea, Melissa Fahn, Nicholas Guest, Kôichi Yamadera",7.8,115,U,$1.00M,Animation,"Action,  Crime","https://m.media-amazon.com/images/M/MV5BMjYzYWM4YTItZjJiMC00OTM5LTg3NDgtOGQ2Njk2ZWNhN2QwXkEyXkFqcGdeQXVyMzM4MjM0Nzg@._V1_UY98_CR0,0,67,98_AL_.jpg",2001,U,115 min,"Animation, Action, Crime",7.9,61.0,Shin'ichirô Watanabe,Tensai Okamura,Hiroyuki Okiura,Yoshiyuki Takei,Beau Billingslea,42897,1000045,-0.7053471251611079,1.4699032322871806e-05,12
118,Gongdong gyeongbi guyeok JSA,2000,Park Chan-wook,"Lee Yeong-ae, Lee Byung-hun, Song Kang-ho, Kim Tae-Woo",7.8,110,Not Rated,Gross Unkown,Action,"Drama,  Thriller","https://m.media-amazon.com/images/M/MV5BMTI1NDA4NTMyN15BMl5BanBnXkFtZTYwNTA2ODc5._V1_UY98_CR1,0,67,98_AL_.jpg",2000,U,110 min,"Action, Drama, Thriller",7.8,58.0,Chan-wook Park,Lee Yeong-ae,Lee Byung-Hun,Kang-ho Song,Kim Tae-Woo,26518,68034750,-0.7554038203293936,0.0009999999893289828,12
119,Jûbê ninpûchô,1993,Yoshiaki Kawajiri,"Kôichi Yamadera, Emi Shinohara, Takeshi Aono, Osamu Saka",7.8,94,A,Gross Unkown,Animation,"Action,  Adventure","https://m.media-amazon.com/images/M/MV5BOTMyZGI4N2YtMzdkNi00MDZmLTg4NmItMzg0ODY5NjdhZjYwL2ltYWdlL2ltYWdlXkEyXkFqcGdeQXVyMzM4MjM0Nzg@._V1_UY98_CR1,0,67,98_AL_.jpg",1993,A,94 min,"Animation, Action, Adventure",7.9,79.0,Yoshiaki Kawajiri,Kôichi Yamadera,Emi Shinohara,Takeshi Aono,Osamu Saka,34529,68034750,-0.7309209956762929,0.0009999999893289828,1
120,The Fugitive,1993,Andrew Davis,"Harrison Ford, Tommy Lee Jones, Sela Ward, Julianne Moore",7.8,130,U,$183.88M,Action,"Crime,  Drama","https://m.media-amazon.com/images/M/MV5BYmFmOGZjYTItYjY1ZS00OWRiLTk0NDgtMjQ5MzBkYWE2YWE0XkEyXkFqcGdeQXVyNjU0OTQ0OTY@._V1_UX67_CR0,0,67,98_AL_.jpg",1993,U,130 min,"Action, Crime, Drama",7.8,87.0,Andrew Davis,Harrison Ford,Tommy Lee Jones,Sela Ward,Julianne Moore,267684,183875760,-0.01836413860555343,0.00270267411929725,12
121,Batman: Mask of the Phantasm,1993,"Directors:Kevin Altieri, Boyd Kirkland, Frank Paur, Dan Riba, Eric Radomski, Bruce Timm","Kevin Conroy, Dana Delany, Hart Bochner, Stacy Keach",7.8,76,PG,$5.62M,Animation,"Action,  Adventure","https://m.media-amazon.com/images/M/MV5BYTRiMWM3MGItNjAxZC00M2E3LThhODgtM2QwOGNmZGU4OWZhXkEyXkFqcGdeQXVyNjExODE1MDc@._V1_UX67_CR0,0,67,98_AL_.jpg",1993,PG,76 min,"Animation, Action, Crime",7.8,79.0,Kevin Altieri,Boyd Kirkland,Frank Paur,Dan Riba,Eric Radomski,43690,5617391,-0.7029235975178787,8.256649638687176e-05,5
122,Dip huet seung hung,1989,John Woo,"Chow Yun-Fat, Danny Lee, Sally Yeh, Kong Chu",7.8,111,R,Gross Unkown,Action,"Crime,  Drama","https://m.media-amazon.com/images/M/MV5BMDQyMDVhZjItMGI0Mi00MDQ1LTk3NmQtZmRjZGQ5ZTQ2ZDU5XkEyXkFqcGdeQXVyNTAyODkwOQ@@._V1_UX67_CR0,0,67,98_AL_.jpg",1989,R,111 min,"Action, Crime, Drama",7.8,82.0,John Woo,Yun-Fat Chow,Danny Lee,Sally Yeh,Kong Chu,45624,68034750,-0.6970130017272038,0.0009999999893289828,8
123,Predator,1987,John McTiernan,"Arnold Schwarzenegger, Carl Weathers, Kevin Peter Hall, Elpidia Carrillo",7.8,107,A,$59.74M,Action,"Adventure,  Horror","https://m.media-amazon.com/images/M/MV5BY2QwYmFmZTEtNzY2Mi00ZWMyLWEwY2YtMGIyNGZjMWExOWEyXkEyXkFqcGdeQXVyNjUwNzk3NDc@._V1_UX67_CR0,0,67,98_AL_.jpg",1987,A,107 min,"Action, Adventure, Sci-Fi",7.8,45.0,John McTiernan,Arnold Schwarzenegger,Carl Weathers,Kevin Peter Hall,Elpidia Carrillo,371387,59735548,0.298567875500114,0.0008780152401906517,1
124,Ghostbusters,1984,Ivan Reitman,"Bill Murray, Dan Aykroyd, Sigourney Weaver, Harold Ramis",7.8,105,UA,$238.63M,Action,"Comedy,  Fantasy","https://m.media-amazon.com/images/M/MV5BMTkxMjYyNzgwMl5BMl5BanBnXkFtZTgwMTE3MjYyMTE@._V1_UX67_CR0,0,67,98_AL_.jpg",1984,UA,105 min,"Action, Comedy, Fantasy",7.8,71.0,Ivan Reitman,Bill Murray,Dan Aykroyd,Sigourney Weaver,Harold Ramis,355413,238632124,0.24974892143587352,0.0035075034662955694,14
125,"Aguirre, der Zorn Gottes",1972,Werner Herzog,"Klaus Kinski, Ruy Guerra, Helena Rojo, Del Negro",7.8,95,Not Rated,Gross Unkown,Action,"Adventure,  Biography","https://m.media-amazon.com/images/M/MV5BMjRkY2VhYzMtZWQyNS00OTY2LWE5NTAtYjlhNmQyYzE5MmUxXkEyXkFqcGdeQXVyMTQxNzMzNDI@._V1_UX67_CR0,0,67,98_AL_.jpg",1972,U,95 min,"Action, Adventure, Biography",7.9,79.0,Werner Herzog,Klaus Kinski,Ruy Guerra,Helena Rojo,Del Negro,52397,68034750,-0.6763136918563448,0.0009999999893289828,12
126,Raazi,2018,Meghna Gulzar,"Alia Bhatt, Vicky Kaushal, Rajit Kapoor, Shishir Sharma",7.7,138,UA,Gross Unkown,Action,"Drama,  Thriller","https://m.media-amazon.com/images/M/MV5BZmVhN2JlYjEtZWFkOS00YzE0LThiNDMtMGI3NDA1MTk2ZDQ2XkEyXkFqcGdeQXVyODE5NzE3OTE@._V1_UY98_CR0,0,67,98_AL_.jpg",2018,UA,138 min,"Action, Drama, Thriller",7.8,79.0,Meghna Gulzar,Alia Bhatt,Vicky Kaushal,Rajit Kapoor,Shishir Sharma,25344,68034750,-0.7589917414556874,0.0009999999893289828,14
127,Deadpool 2,2018,David Leitch,"Ryan Reynolds, Josh Brolin, Morena Baccarin, Julian Dennison",7.7,119,R,$324.59M,Action,"Adventure,  Comedy","https://m.media-amazon.com/images/M/MV5BNjk1Njk3YjctMmMyYS00Y2I4LThhMzktN2U0MTMyZTFlYWQ5XkEyXkFqcGdeQXVyODM2ODEzMDA@._V1_UY98_CR15,0,67,98_AL_.jpg",2018,R,119 min,"Action, Adventure, Comedy",7.7,66.0,David Leitch,Ryan Reynolds,Josh Brolin,Morena Baccarin,Julian Dennison,478586,324591735,0.6261841930619342,0.004770969710865051,8
128,Mission: Impossible - Fallout,2018,Christopher McQuarrie,"Tom Cruise, Henry Cavill, Ving Rhames, Simon Pegg",7.7,147,U/A,$220.16M,Action,"Adventure,  Thriller","https://m.media-amazon.com/images/M/MV5BNjRlZmM0ODktY2RjNS00ZDdjLWJhZGYtNDljNWZkMGM5MTg0XkEyXkFqcGdeQXVyNjAwMjI5MDk@._V1_UX67_CR0,0,67,98_AL_.jpg",2018,UA,147 min,"Action, Adventure, Thriller",7.7,86.0,Christopher McQuarrie,Tom Cruise,Henry Cavill,Ving Rhames,Simon Pegg,291257,220159104,0.0536785059516233,0.003235980166762991,14
129,Udta Punjab,2016,Abhishek Chaubey,"Shahid Kapoor, Alia Bhatt, Kareena Kapoor, Diljit Dosanjh",7.7,148,A,Gross Unkown,Action,"Crime,  Drama","https://m.media-amazon.com/images/M/MV5BY2YxNjQxYWYtYzNkMi00YTgyLWIwZTMtYzgyYjZlZmYzZTA0XkEyXkFqcGdeQXVyMTA4NjE0NjEy._V1_UX67_CR0,0,67,98_AL_.jpg",2016,A,148 min,"Action, Crime, Drama",7.8,79.0,Abhishek Chaubey,Shahid Kapoor,Alia Bhatt,Kareena Kapoor,Diljit Dosanjh,27175,68034750,-0.7533959292050536,0.0009999999893289828,1
130,Kubo and the Two Strings,2016,Travis Knight,"Charlize Theron, Art Parkinson, Matthew McConaughey, Ralph Fiennes",7.7,101,U,$48.02M,Animation,"Action,  Adventure","https://m.media-amazon.com/images/M/MV5BMjA2Mzg2NDMzNl5BMl5BanBnXkFtZTgwMjcwODUzOTE@._V1_UX67_CR0,0,67,98_AL_.jpg",2016,PG,101 min,"Animation, Action, Adventure",7.8,84.0,Travis Knight,Charlize Theron,Art Parkinson,Matthew McConaughey,Ralph Fiennes,118035,48023088,-0.4757140607765516,0.0007058611590039619,5
131,Kingsman: The Secret Service,2014,Matthew Vaughn,"Colin Firth, Taron Egerton, Samuel L. Jackson, Michael Caine",7.7,129,A,$128.26M,Action,"Adventure,  Comedy","https://m.media-amazon.com/images/M/MV5BYTM3ZTllNzItNTNmOS00NzJiLTg1MWMtMjMxNDc0NmJhODU5XkEyXkFqcGdeQXVyODE5NzE3OTE@._V1_UX67_CR0,0,67,98_AL_.jpg",2014,A,129 min,"Action, Adventure, Comedy",7.7,60.0,Matthew Vaughn,Colin Firth,Taron Egerton,Samuel L. Jackson,Michael Caine,590440,128261724,0.9680268929430883,0.0018852383911356612,1
132,Ajeossi,2010,Jeong-beom Lee,"Won Bin, Kim Sae-ron, Kim Tae-hoon, Kim Hee-won",7.7,119,7,$0.01M,Action,"Crime,  Drama","https://m.media-amazon.com/images/M/MV5BMTgzMTkxNjAxNV5BMl5BanBnXkFtZTgwMDU3MDE0MjE@._V1_UY98_CR0,0,67,98_AL_.jpg",2010,R,119 min,"Action, Crime, Drama",7.8,79.0,Jeong-beom Lee,Won Bin,Sae-ron Kim,Tae-hoon Kim,Hee-won Kim,62848,6460,-0.6443738590702314,9.495147598933234e-08,8
133,The Lego Movie,2014,"Directors:Phil Lord, Christopher Miller","Chris Pratt, Will Ferrell, Elizabeth Banks, Will Arnett",7.7,100,U,$257.76M,Animation,"Action,  Adventure","https://m.media-amazon.com/images/M/MV5BMTg4MDk1ODExN15BMl5BanBnXkFtZTgwNzIyNjg3MDE@._V1_UX67_CR0,0,67,98_AL_.jpg",2014,U,100 min,"Animation, Action, Adventure",7.7,83.0,Christopher Miller,Phil Lord,Chris Pratt,Will Ferrell,Elizabeth Banks,323982,257760692,0.1536910433093465,0.0037886622534723975,12
134,Star Trek Into Darkness,2013,J.J. Abrams,"Chris Pine, Zachary Quinto, Zoe Saldana, Benedict Cumberbatch",7.7,132,UA,$228.78M,Action,"Adventure,  Sci-Fi","https://m.media-amazon.com/images/M/MV5BMTk2NzczOTgxNF5BMl5BanBnXkFtZTcwODQ5ODczOQ@@._V1_UX67_CR0,0,67,98_AL_.jpg",2013,UA,132 min,"Action, Adventure, Sci-Fi",7.7,72.0,J.J. Abrams,Chris Pine,Zachary Quinto,Zoe Saldana,Benedict Cumberbatch,463188,228778661,0.5791255819012247,0.003362673612509768,14
135,X: First Class,2011,Matthew Vaughn,"James McAvoy, Michael Fassbender, Jennifer Lawrence, Kevin Bacon",7.7,131,UA,$146.41M,Action,"Adventure,  Sci-Fi","https://m.media-amazon.com/images/M/MV5BMTg5OTMxNzk4Nl5BMl5BanBnXkFtZTcwOTk1MjAwNQ@@._V1_UX67_CR0,0,67,98_AL_.jpg",2011,UA,131 min,"Action, Adventure, Sci-Fi",7.7,65.0,Matthew Vaughn,James McAvoy,Michael Fassbender,Jennifer Lawrence,Kevin Bacon,645512,146408305,1.1363352338862367,0.002151963569171261,14
136,3:10 to Yuma,2007,James Mangold,"Russell Crowe, Christian Bale, Ben Foster, Logan Lerman",7.7,122,A,$53.61M,Action,"Crime,  Drama","https://m.media-amazon.com/images/M/MV5BODE0NTcxNTQzNF5BMl5BanBnXkFtZTcwMzczOTIzMw@@._V1_UX67_CR0,0,67,98_AL_.jpg",2007,A,122 min,"Action, Crime, Drama",7.7,76.0,James Mangold,Russell Crowe,Christian Bale,Ben Foster,Logan Lerman,288797,53606916,0.046160374801126766,0.0007879343339684451,1
137,Kung fu,2004,Stephen Chow,"Stephen Chow, Wah Yuen, Qiu Yuen, Siu-Lung Leung",7.7,99,UA,$17.11M,Action,"Comedy,  Fantasy","https://m.media-amazon.com/images/M/MV5BMjZiOTNlMzYtZWYwZS00YWJjLTk5NDgtODkwNjRhMDI0MjhjXkEyXkFqcGdeQXVyMjgyNjk3MzE@._V1_UY98_CR1,0,67,98_AL_.jpg",2004,UA,99 min,"Action, Comedy, Fantasy",7.7,78.0,Stephen Chow,Stephen Chow,Wah Yuen,Qiu Yuen,Siu-Lung Leung,127250,17108591,-0.4475516304709315,0.00025146841602907233,14
138,The Bourne Supremacy,2004,Paul Greengrass,"Matt Damon, Franka Potente, Joan Allen, Brian Cox",7.7,108,A,$176.24M,Action,"Mystery,  Thriller","https://m.media-amazon.com/images/M/MV5BYTIyMDFmMmItMWQzYy00MjBiLTg2M2UtM2JiNDRhOWE4NjBhXkEyXkFqcGdeQXVyNjU0OTQ0OTY@._V1_UX67_CR0,0,67,98_AL_.jpg",2004,A,108 min,"Action, Mystery, Thriller",7.7,73.0,Paul Greengrass,Matt Damon,Franka Potente,Joan Allen,Brian Cox,434841,176241941,0.49249287307068595,0.002590469416280933,1
139,Man on Fire,2004,Tony Scott,"Denzel Washington, Christopher Walken, Dakota Fanning, Radha Mitchell",7.7,146,UA,$77.91M,Action,"Crime,  Drama","https://m.media-amazon.com/images/M/MV5BODFlMmEwMDgtYjhmZi00ZTE5LTk2NWQtMWE1Y2M0NjkzOGYxXkEyXkFqcGdeQXVyNjU0OTQ0OTY@._V1_UX67_CR0,0,67,98_AL_.jpg",2004,UA,146 min,"Action, Crime, Drama",7.7,47.0,Tony Scott,Denzel Washington,Christopher Walken,Dakota Fanning,Radha Mitchell,329592,77911774,0.1708360497135276,0.0011451761514314686,14
140,Black Hawk Down,2001,Ridley Scott,"Josh Hartnett, Ewan McGregor, Tom Sizemore, Eric Bana",7.7,144,A,$108.64M,Action,"Drama,  History","https://m.media-amazon.com/images/M/MV5BYWMwMzQxZjQtODM1YS00YmFiLTk1YjQtNzNiYWY1MDE4NTdiXkEyXkFqcGdeQXVyNDYyMDk5MTU@._V1_UX67_CR0,0,67,98_AL_.jpg",2001,A,144 min,"Drama, History, War",7.7,74.0,Ridley Scott,Josh Hartnett,Ewan McGregor,Tom Sizemore,Eric Bana,364254,108638745,0.27676835131454824,0.0015968125677056808,1
141,The Count of Monte Cristo,2002,Kevin Reynolds,"Jim Caviezel, Guy Pearce, Christopher Adamson, JB Blanc",7.7,131,UA,$54.23M,Action,"Adventure,  Drama","https://m.media-amazon.com/images/M/MV5BMDM0ZWRjZDgtZWI0MS00ZTIzLTg4MWYtZjU5MDEyMDU0ODBjXkEyXkFqcGdeQXVyMTQxNzMzNDI@._V1_UX67_CR0,0,67,98_AL_.jpg",2002,PG-13,131 min,"Action, Adventure, Drama",7.8,61.0,Kevin Reynolds,Jim Caviezel,Guy Pearce,Christopher Adamson,JB Blanc,129022,54234062,-0.4421361311218746,0.0007971523584825018,6
142,Minority Report,2002,Steven Spielberg,"Tom Cruise, Colin Farrell, Samantha Morton, Max von Sydow",7.7,145,A,$132.07M,Action,"Crime,  Mystery","https://m.media-amazon.com/images/M/MV5BZTI3YzZjZjEtMDdjOC00OWVjLTk0YmYtYzI2MGMwZjFiMzBlXkEyXkFqcGdeQXVyMTQxNzMzNDI@._V1_UX67_CR0,0,67,98_AL_.jpg",2002,A,145 min,"Action, Crime, Mystery",7.6,80.0,Steven Spielberg,Tom Cruise,Colin Farrell,Samantha Morton,Max von Sydow,508417,132072926,0.7173522297897643,0.0019412568516919298,1
143,The Boondock Saints,1999,Troy Duffy,"Willem Dafoe, Sean Patrick Flanery, Norman Reedus, David Della Rocco",7.7,108,A,$0.03M,Action,Thriller,"https://m.media-amazon.com/images/M/MV5BYzVmMTdjOTYtOTJkYS00ZTg2LWExNTgtNzA1N2Y0MDgwYWFhXkEyXkFqcGdeQXVyMTQxNzMzNDI@._V1_UX67_CR0,0,67,98_AL_.jpg",1999,R,108 min,"Action, Crime, Thriller",7.8,44.0,Troy Duffy,Willem Dafoe,Sean Patrick Flanery,Norman Reedus,David Della Rocco,227143,25812,-0.1422635511959111,3.7939434957223625e-07,8
144,Training Day,2001,Antoine Fuqua,"Denzel Washington, Ethan Hawke, Scott Glenn, Tom Berenger",7.7,122,A,$76.63M,Action,"Crime,  Drama","https://m.media-amazon.com/images/M/MV5BMDZkMTUxYWEtMDY5NS00ZTA5LTg3MTItNTlkZWE1YWRjYjMwL2ltYWdlL2ltYWdlXkEyXkFqcGdeQXVyMTQxNzMzNDI@._V1_UX67_CR0,0,67,98_AL_.jpg",2001,A,122 min,"Crime, Drama, Thriller",7.7,69.0,Antoine Fuqua,Denzel Washington,Ethan Hawke,Scott Glenn,Tom Berenger,390247,76631907,0.35620688098725406,0.0011263641915676857,1
145,Lola rennt,1998,Tom Tykwer,"Franka Potente, Moritz Bleibtreu, Herbert Knaup, Nina Petri",7.7,81,UA,$7.27M,Action,"Crime,  Thriller","https://m.media-amazon.com/images/M/MV5BMmU5ZjFmYjQtYmNjZC00Yjk4LWI1ZTQtZDJiMjM0YjQyNDU0L2ltYWdlL2ltYWdlXkEyXkFqcGdeQXVyMTQxNzMzNDI@._V1_UX67_CR0,0,67,98_AL_.jpg",1998,UA,81 min,"Crime, Drama, Thriller",7.6,77.0,Tom Tykwer,Franka Potente,Moritz Bleibtreu,Herbert Knaup,Nina Petri,188317,7267585,-0.2609216650370405,0.00010682165984952506,14
146,The Last of the Mohicans,1992,Michael Mann,"Daniel Day-Lewis, Madeleine Stowe, Russell Means, Eric Schweig",7.7,112,UA,$75.51M,Action,"Adventure,  Drama","https://m.media-amazon.com/images/M/MV5BZDNiYmRkNDYtOWU1NC00NmMxLWFkNmUtMGI5NTJjOTJmYTM5XkEyXkFqcGdeQXVyNzQ1ODk3MTQ@._V1_UX67_CR0,0,67,98_AL_.jpg",1992,UA,112 min,"Action, Adventure, Drama",7.7,76.0,Michael Mann,Daniel Day-Lewis,Madeleine Stowe,Russell Means,Eric Schweig,150409,75505856,-0.3767742323756676,0.0011098130763216695,14
147,Lat sau san taam,1992,John Woo,"Chow Yun-Fat, Tony Chiu-Wai Leung, Teresa Mo, Philip Chan",7.7,128,A,Gross Unkown,Action,"Crime,  Thriller","https://m.media-amazon.com/images/M/MV5BOTIzZGU4ZWMtYmNjMy00NzU0LTljMGYtZmVkMDYwN2U2MzYwL2ltYWdlXkEyXkFqcGdeQXVyNTAyODkwOQ@@._V1_UX67_CR0,0,67,98_AL_.jpg",1992,R,128 min,"Action, Crime, Thriller",7.8,79.0,John Woo,Yun-Fat Chow,Tony Chiu-Wai Leung,Teresa Mo,Philip Chan,46700,68034750,-0.6937245833865802,0.0009999999893289828,8
148,Star Trek II: The Wrath of Khan,1982,Nicholas Meyer,"William Shatner, Leonard Nimoy, DeForest Kelley, James Doohan",7.7,113,U,$78.91M,Action,"Adventure,  Sci-Fi","https://m.media-amazon.com/images/M/MV5BMzcyYWE5YmQtNDE1Yi00ZjlmLWFlZTAtMzRjODBiYjM3OTA3XkEyXkFqcGdeQXVyMTQxNzMzNDI@._V1_UX67_CR0,0,67,98_AL_.jpg",1982,U,113 min,"Action, Adventure, Sci-Fi",7.7,67.0,Nicholas Meyer,William Shatner,Leonard Nimoy,DeForest Kelley,James Doohan,112704,78912963,-0.49200640108683497,0.0011598919986906457,12
149,First Blood,1982,Ted Kotcheff,"Sylvester Stallone, Brian Dennehy, Richard Crenna, Bill McKinney",7.7,93,A,$47.21M,Action,"Adventure,  Thriller","https://m.media-amazon.com/images/M/MV5BODBmOWU2YWMtZGUzZi00YzRhLWJjNDAtYTUwNWVkNDcyZmU5XkEyXkFqcGdeQXVyNDk3NzU2MTQ@._V1_UX67_CR0,0,67,98_AL_.jpg",1982,A,93 min,"Action, Adventure",7.7,61.0,Ted Kotcheff,Sylvester Stallone,Brian Dennehy,Richard Crenna,Bill McKinney,226541,47212904,-0.14410335402217084,0.0006939527740778101,1
150,Badlands,1973,Terrence Malick,"Martin Sheen, Sissy Spacek, Warren Oates, Ramon Bieri",7.7,94,Not Rated,Gross Unkown,Action,"Crime,  Drama","https://m.media-amazon.com/images/M/MV5BMDcxNjhiOTEtMzQ0YS00OTBhLTkxM2QtN2UyZDMzNzIzNWFlXkEyXkFqcGdeQXVyMTQxNzMzNDI@._V1_UY98_CR1,0,67,98_AL_.jpg",1973,PG,94 min,"Action, Crime, Drama",7.8,93.0,Terrence Malick,Martin Sheen,Sissy Spacek,Warren Oates,Ramon Bieri,66009,68034750,-0.6347133661569307,0.0009999999893289828,5
151,The French Connection,1971,William Friedkin,"Gene Hackman, Roy Scheider, Fernando Rey, Tony Lo Bianco",7.7,104,A,$15.63M,Action,"Crime,  Drama","https://m.media-amazon.com/images/M/MV5BOTZhY2E3NmItMGIwNi00OTA2LThkYmEtODFiZTM0NGI0ZWU5XkEyXkFqcGdeQXVyNTc1NTQxODI@._V1_UY98_CR1,0,67,98_AL_.jpg",1971,A,104 min,"Action, Crime, Drama",7.7,94.0,William Friedkin,Gene Hackman,Roy Scheider,Fernando Rey,Tony Lo Bianco,110075,15630710,-0.5000410217350688,0.00022974597295065277,1
152,Dirty Harry,1971,"Directors:Don Siegel, Clint Eastwood","Clint Eastwood, Andrew Robinson, Harry Guardino, Reni Santoni",7.7,102,A,$35.90M,Action,"Crime,  Thriller","https://m.media-amazon.com/images/M/MV5BMzdhMTM2YTItOWU2YS00MTM0LTgyNDYtMDM1OWM3NzkzNTM2XkEyXkFqcGdeQXVyNjc1NTYyMjg@._V1_UX67_CR0,0,67,98_AL_.jpg",1971,A,102 min,"Action, Crime, Thriller",7.7,90.0,Don Siegel,Clint Eastwood,Andrew Robinson,Harry Guardino,Reni Santoni,143292,35900000,-0.39852485814724636,0.000527671515172915,1
153,The Dirty Dozen,1967,Robert Aldrich,"Lee Marvin, Ernest Borgnine, Charles Bronson, John Cassavetes",7.7,150,U,$45.30M,Action,"Adventure,  War","https://m.media-amazon.com/images/M/MV5BM2Y1ZTI0NzktYzU3MS00YmE1LThkY2EtMDc0NGYxNTNlZDA5XkEyXkFqcGdeQXVyNTAyODkwOQ@@._V1_UX67_CR0,0,67,98_AL_.jpg",1967,U,150 min,"Action, Adventure, War",7.7,73.0,Robert Aldrich,Lee Marvin,Ernest Borgnine,Charles Bronson,John Cassavetes,67183,45300000,-0.6311254450306368,0.0006658362015970209,12
154,Bonnie and Clyde,1967,Arthur Penn,"Warren Beatty, Faye Dunaway, Michael J. Pollard, Gene Hackman",7.7,111,A,Gross Unkown,Action,"Biography,  Crime","https://m.media-amazon.com/images/M/MV5BOTViZmMwOGEtYzc4Yy00ZGQ1LWFkZDQtMDljNGZlMjAxMjhiXkEyXkFqcGdeQXVyNzM0MTUwNTY@._V1_UX67_CR0,0,67,98_AL_.jpg",1967,A,111 min,"Action, Biography, Crime",7.8,86.0,Arthur Penn,Warren Beatty,Faye Dunaway,Michael J. Pollard,Gene Hackman,102415,68034750,-0.5234511374313304,0.0009999999893289828,1
155,Goldfinger,1964,Guy Hamilton,"Sean Connery, Gert Fröbe, Honor Blackman, Shirley Eaton",7.7,110,A,$51.08M,Action,"Adventure,  Thriller","https://m.media-amazon.com/images/M/MV5BMTQ2MzE0OTU3NV5BMl5BanBnXkFtZTcwNjQxNTgzNA@@._V1_UX67_CR0,0,67,98_AL_.jpg",1964,A,110 min,"Action, Adventure, Thriller",7.7,87.0,Guy Hamilton,Sean Connery,Gert Fröbe,Honor Blackman,Shirley Eaton,174119,51081062,-0.30431289514872745,0.0007508083950468415,1
156,The Longest Day,1962,"Directors:Ken Annakin, Andrew Marton, Gerd Oswald, Bernhard Wicki, Darryl F. Zanuck","John Wayne, Robert Ryan, Richard Burton, Henry Fonda",7.7,178,U,$39.10M,Action,"Drama,  History","https://m.media-amazon.com/images/M/MV5BZTM1ZjQ2YTktNDM2MS00NGY2LTkzNzItZTU4ODg1ODNkMWYxL2ltYWdlXkEyXkFqcGdeQXVyNjc1NTYyMjg@._V1_UX67_CR0,0,67,98_AL_.jpg",1962,G,178 min,"Action, Drama, History",7.8,75.0,Ken Annakin,Andrew Marton,Gerd Oswald,Bernhard Wicki,Darryl F. Zanuck,52141,39100000,-0.6770960664801363,0.0005747063020406958,3
157,The Magnificent Seven,1960,John Sturges,"Yul Brynner, Steve McQueen, Charles Bronson, Eli Wallach",7.7,128,Not Rated,$4.91M,Action,"Adventure,  Western","https://m.media-amazon.com/images/M/MV5BMzYyNzU0MTM1OF5BMl5BanBnXkFtZTcwMzE1ODE1NA@@._V1_UX67_CR0,0,67,98_AL_.jpg",1960,Approved,128 min,"Action, Adventure, Western",7.7,74.0,John Sturges,Yul Brynner,Steve McQueen,Charles Bronson,Eli Wallach,87719,4905000,-0.5683643306783617,7.209550924577014e-05,2
158,Key Largo,1948,John Huston,"Humphrey Bogart, Edward G. Robinson, Lauren Bacall, Lionel Barrymore",7.7,100,Not Rated,Gross Unkown,Action,"Crime,  Drama","https://m.media-amazon.com/images/M/MV5BODI3YzNiZTUtYjEyZS00ODkwLWE2ZDUtNGJmMTNiYTc4ZTM4XkEyXkFqcGdeQXVyMDI2NDg0NQ@@._V1_UX67_CR0,0,67,98_AL_.jpg",1948,U,100 min,"Action, Crime, Drama",7.8,79.0,John Huston,Humphrey Bogart,Edward G. Robinson,Lauren Bacall,Lionel Barrymore,36995,68034750,-0.7233845276205512,0.0009999999893289828,12
159,Scarface,1932,"Directors:Howard Hawks, Richard Rosson","Paul Muni, Ann Dvorak, Karen Morley, Osgood Perkins",7.7,93,Not Rated,Gross Unkown,Action,"Crime,  Drama","https://m.media-amazon.com/images/M/MV5BNjdjNGQ4NDEtNTEwYS00MTgxLTliYzQtYzE2ZDRiZjFhZmNlXkEyXkFqcGdeQXVyNjU0OTQ0OTY@._V1_UX67_CR0,0,67,98_AL_.jpg",1983,A,170 min,"Crime, Drama",8.3,65.0,Brian De Palma,Al Pacino,Michelle Pfeiffer,Steven Bauer,Mary Elizabeth Mastrantonio,740911,45598982,1.427888971132667,0.0006702307499243031,1
160,Guardians of the Galaxy Vol. 2,2017,James Gunn,"Chris Pratt, Zoe Saldana, Dave Bautista, Vin Diesel",7.6,136,UA,$389.81M,Action,"Adventure,  Comedy","https://m.media-amazon.com/images/M/MV5BNjM0NTc0NzItM2FlYS00YzEwLWE0YmUtNTA2ZWIzODc2OTgxXkEyXkFqcGdeQXVyNTgwNzIyNzg@._V1_UX67_CR0,0,67,98_AL_.jpg",2017,UA,136 min,"Action, Adventure, Comedy",7.6,67.0,James Gunn,Chris Pratt,Zoe Saldana,Dave Bautista,Vin Diesel,569974,389813101,0.9054797091520063,0.00572961753868865,14
161,Baby Driver,2017,Edgar Wright,"Ansel Elgort, Jon Bernthal, Jon Hamm, Eiza González",7.6,113,UA,$107.83M,Action,"Crime,  Drama","https://m.media-amazon.com/images/M/MV5BMjM3MjQ1MzkxNl5BMl5BanBnXkFtZTgwODk1ODgyMjI@._V1_UX67_CR0,0,67,98_AL_.jpg",2017,UA,113 min,"Action, Crime, Drama",7.6,86.0,Edgar Wright,Ansel Elgort,Jon Bernthal,Jon Hamm,Eiza González,439406,107825862,0.5064442018113431,0.0015848645118764803,14
162,Only the Brave,2017,Joseph Kosinski,"Josh Brolin, Miles Teller, Jeff Bridges, Jennifer Connelly",7.6,134,UA,$18.34M,Action,"Biography,  Drama","https://m.media-amazon.com/images/M/MV5BYWFlOWI3YTMtYTk3NS00YWQ2LTlmYTMtZjk0ZDk4Y2NjODI0XkEyXkFqcGdeQXVyNTQxNTQ4Mg@@._V1_UX67_CR0,0,67,98_AL_.jpg",2017,UA,134 min,"Action, Biography, Drama",7.6,72.0,Joseph Kosinski,Josh Brolin,Miles Teller,Jeff Bridges,Jennifer Connelly,58371,18340051,-0.6580562465339602,0.000269568871852884,14
163,Incredibles 2,2018,Brad Bird,"Craig T. Nelson, Holly Hunter, Sarah Vowell, Huck Milner",7.6,118,UA,$608.58M,Animation,"Action,  Adventure","https://m.media-amazon.com/images/M/MV5BMTEzNzY0OTg0NTdeQTJeQWpwZ15BbWU4MDU3OTg3MjUz._V1_UX67_CR0,0,67,98_AL_.jpg",2018,UA,118 min,"Animation, Action, Adventure",7.6,80.0,Brad Bird,Craig T. Nelson,Holly Hunter,Sarah Vowell,Huck Milner,250057,608581744,-0.07223491006482269,0.008945160193956966,14
164,Sicario,2015,Denis Villeneuve,"Emily Blunt, Josh Brolin, Benicio Del Toro, Jon Bernthal",7.6,121,A,$46.89M,Action,"Crime,  Drama","https://m.media-amazon.com/images/M/MV5BMjA5NjM3NTk1M15BMl5BanBnXkFtZTgwMzg1MzU2NjE@._V1_UX67_CR0,0,67,98_AL_.jpg",2015,A,121 min,"Action, Crime, Drama",7.6,82.0,Denis Villeneuve,Emily Blunt,Josh Brolin,Benicio Del Toro,Jon Bernthal,371291,46889293,0.2982744850161922,0.0006891962195737258,1
165,Creed,2015,Ryan Coogler,"Michael B. Jordan, Sylvester Stallone, Tessa Thompson, Phylicia Rashad",7.6,133,UA,$109.77M,Action,"Drama,  Sport","https://m.media-amazon.com/images/M/MV5BNmZkYjQzY2QtNjdkNC00YjkzLTk5NjUtY2MyNDNiYTBhN2M2XkEyXkFqcGdeQXVyMjMwNDgzNjc@._V1_UX67_CR0,0,67,98_AL_.jpg",2015,A,133 min,"Drama, Sport",7.6,82.0,Ryan Coogler,Michael B. Jordan,Sylvester Stallone,Tessa Thompson,Phylicia Rashad,247666,109767581,-0.07954216680500041,0.0016134046179146428,1
166,Dawn of the Planet of the Apes,2014,Matt Reeves,"Gary Oldman, Keri Russell, Andy Serkis, Kodi Smit-McPhee",7.6,130,UA,$208.55M,Action,"Adventure,  Drama","https://m.media-amazon.com/images/M/MV5BMTgwODk3NDc1N15BMl5BanBnXkFtZTgwNTc1NjQwMjE@._V1_UX67_CR0,0,67,98_AL_.jpg",2014,UA,130 min,"Action, Adventure, Drama",7.6,79.0,Matt Reeves,Gary Oldman,Keri Russell,Andy Serkis,Kodi Smit-McPhee,411599,208545589,0.4214618144528646,0.003065280415884624,14
167,El cuerpo,2012,Oriol Paulo,"Jose Coronado, Hugo Silva, Belén Rueda, Aura Garrido",7.6,112,Not Rated,Gross Unkown,Action,"Crime,  Drama","https://m.media-amazon.com/images/M/MV5BNGMxZjFkN2EtMDRiMS00ZTBjLWI0M2MtZWUyYjFhZGViZDJlXkEyXkFqcGdeQXVyMTMxODk2OTU@._V1_UX67_CR0,0,67,98_AL_.jpg",2012,U,112 min,"Mystery, Thriller",7.6,79.0,Oriol Paulo,Jose Coronado,Hugo Silva,Belén Rueda,Aura Garrido,57549,68034750,-0.6605684025525408,0.0009999999893289828,12
168,Serbuan maut,2011,Gareth Evans,"Iko Uwais, Ananda George, Ray Sahetapy, Donny Alamsyah",7.6,101,A,$4.11M,Action,"Crime,  Thriller","https://m.media-amazon.com/images/M/MV5BZGIxODNjM2YtZjA5Mi00MjA5LTk2YjItODE0OWI5NThjNTBmXkEyXkFqcGdeQXVyNzQ1ODk3MTQ@._V1_UX67_CR0,0,67,98_AL_.jpg",2011,A,101 min,"Action, Thriller",7.6,73.0,Gareth Evans,Iko Uwais,Ananda George,Ray Sahetapy,Donny Alamsyah,190531,4105123,-0.25415534700159365,6.0338620428445196e-05,1
169,End of Watch,2012,David Ayer,"Jake Gyllenhaal, Michael Peña, Anna Kendrick, America Ferrera",7.6,109,A,$41.00M,Action,"Adventure,  Crime","https://m.media-amazon.com/images/M/MV5BMjMxNjU0ODU5Ml5BMl5BanBnXkFtZTcwNjI4MzAyOA@@._V1_UX67_CR0,0,67,98_AL_.jpg",2012,A,109 min,"Action, Crime, Drama",7.6,68.0,David Ayer,Jake Gyllenhaal,Michael Peña,Anna Kendrick,America Ferrera,228132,41003371,-0.13924101798134159,0.0006026827549517316,1
170,Kick-Ass,2010,Matthew Vaughn,"Aaron Taylor-Johnson, Nicolas Cage, Chloë Grace Moretz, Garrett M. Brown",7.6,117,UA,$48.07M,Action,"Comedy,  Crime","https://m.media-amazon.com/images/M/MV5BMTMzNzEzMDYxM15BMl5BanBnXkFtZTcwMTc0NTMxMw@@._V1_UX67_CR0,0,67,98_AL_.jpg",2010,UA,117 min,"Action, Comedy, Crime",7.6,66.0,Matthew Vaughn,Aaron Taylor-Johnson,Nicolas Cage,Chloë Grace Moretz,Garrett M. Brown,524081,48071303,0.7652237770830073,0.0007065698409567214,14
171,Celda 211,2009,Daniel Monzón,"Luis Tosar, Alberto Ammann, Antonio Resines, Manuel Morón",7.6,113,A,Gross Unkown,Action,"Crime,  Drama","https://m.media-amazon.com/images/M/MV5BMjI2ODE4ODAtMDA3MS00ODNkLTg4N2EtOGU0YjZmNGY4NjZlXkEyXkFqcGdeQXVyMTY5MDE5NA@@._V1_UY98_CR0,0,67,98_AL_.jpg",2009,U,113 min,"Action, Adventure, Crime",7.6,79.0,Daniel Monzón,Luis Tosar,Alberto Ammann,Antonio Resines,Manuel Morón,63882,68034750,-0.6412137990663235,0.0009999999893289828,12
172,Zombieland,2009,Ruben Fleischer,"Jesse Eisenberg, Emma Stone, Woody Harrelson, Abigail Breslin",7.6,88,A,$75.59M,Action,"Comedy,  Horror","https://m.media-amazon.com/images/M/MV5BMTU5MDg0NTQ1N15BMl5BanBnXkFtZTcwMjA4Mjg3Mg@@._V1_UY98_CR1,0,67,98_AL_.jpg",2009,A,88 min,"Adventure, Comedy, Fantasy",7.6,73.0,Ruben Fleischer,Jesse Eisenberg,Emma Stone,Woody Harrelson,Abigail Breslin,520041,75590286,0.7528769275512975,0.0011110540597764342,1
173,Sherlock Holmes,2009,Guy Ritchie,"Robert Downey Jr., Jude Law, Rachel McAdams, Mark Strong",7.6,128,16,$209.03M,Action,"Adventure,  Mystery","https://m.media-amazon.com/images/M/MV5BMTg0NjEwNjUxM15BMl5BanBnXkFtZTcwMzk0MjQ5Mg@@._V1_UX67_CR0,0,67,98_AL_.jpg",2009,PG-13,128 min,"Action, Adventure, Mystery",7.6,57.0,Guy Ritchie,Robert Downey Jr.,Jude Law,Rachel McAdams,Mark Strong,583158,209028679,0.9457720022772689,0.00307238105188086,6
174,Huo Yuan Jia,2006,Ronny Yu,"Jet Li, Li Sun, Yong Dong, Yun Qu",7.6,104,PG-13,$24.63M,Action,"Biography,  Drama","https://m.media-amazon.com/images/M/MV5BMTI5MjA2Mzk2M15BMl5BanBnXkFtZTcwODY1MDUzMQ@@._V1_UX67_CR0,0,67,98_AL_.jpg",2006,PG-13,104 min,"Action, Biography, Drama",7.6,70.0,Ronny Yu,Jet Li,Li Sun,Yong Dong,Yun Qu,72863,24633730,-0.6137665080652628,0.00036207570009639254,6
175,Harry Potter and the Half-Blood Prince,2009,David Yates,"Daniel Radcliffe, Emma Watson, Rupert Grint, Michael Gambon",7.6,153,UA,$301.96M,Action,"Adventure,  Family","https://m.media-amazon.com/images/M/MV5BNzU3NDg4NTAyNV5BMl5BanBnXkFtZTcwOTg2ODg1Mg@@._V1_UX67_CR0,0,67,98_AL_.jpg",2009,UA,153 min,"Action, Adventure, Family",7.6,78.0,David Yates,Daniel Radcliffe,Emma Watson,Rupert Grint,Michael Gambon,474827,301959197,0.6146961219258706,0.004438308273019129,14
176,Watchmen,2009,Zack Snyder,"Jackie Earle Haley, Patrick Wilson, Carla Gugino, Malin Akerman",7.6,162,A,$107.51M,Action,"Drama,  Mystery","https://m.media-amazon.com/images/M/MV5BY2IzNGNiODgtOWYzOS00OTI0LTgxZTUtOTA5OTQ5YmI3NGUzXkEyXkFqcGdeQXVyNjU0OTQ0OTY@._V1_UX67_CR0,0,67,98_AL_.jpg",2009,A,162 min,"Action, Drama, Mystery",7.6,56.0,Zack Snyder,Jackie Earle Haley,Patrick Wilson,Carla Gugino,Malin Akerman,500799,107509799,0.6940704724302186,0.0015802189006759203,1
177,Batoru rowaiaru,2000,Kinji Fukasaku,"Tatsuya Fujiwara, Aki Maeda, Tarô Yamamoto, Chiaki Kuriyama",7.6,114,18,Gross Unkown,Action,"Adventure,  Drama","https://m.media-amazon.com/images/M/MV5BMDc2MGYwYzAtNzE2Yi00YmU3LTkxMDUtODk2YjhiNDM5NDIyXkEyXkFqcGdeQXVyMTEwNDU1MzEy._V1_UX67_CR0,0,67,98_AL_.jpg",2000,U,114 min,"Action, Adventure, Drama",7.6,81.0,Kinji Fukasaku,Tatsuya Fujiwara,Aki Maeda,Tarô Yamamoto,Takeshi Kitano,169091,68034750,-0.31967922174413255,0.0009999999893289828,12
178,Vampire Hunter D: Bloodlust,2000,"Directors:Jack Fletcher, Yoshiaki Kawajiri","Andrew Philpot, John Rafter Lee, Pamela Adlon, Wendee Lee",7.6,103,U,$0.15M,Animation,"Action,  Drama","https://m.media-amazon.com/images/M/MV5BNTIyNThlMjMtMzUyMi00YmEyLTljMmYtMWRhN2Q3ZTllZjA4XkEyXkFqcGdeQXVyMzM4MjM0Nzg@._V1_UY98_CR1,0,67,98_AL_.jpg",2000,U,103 min,"Animation, Action, Fantasy",7.7,62.0,Yoshiaki Kawajiri,Andrew Philpot,John Rafter Lee,Pamela Adlon,Wendee Lee,29210,151086,-0.7471766621760859,2.2207180652204746e-06,12
179,Enemy at the Gates,2001,Jean-Jacques Annaud,"Jude Law, Ed Harris, Joseph Fiennes, Rachel Weisz",7.6,131,A,$51.40M,Action,"Drama,  War","https://m.media-amazon.com/images/M/MV5BYWFlY2E3ODQtZWNiNi00ZGU4LTkzNWEtZTQ2ZTViMWRhYjIzL2ltYWdlXkEyXkFqcGdeQXVyNTAyODkwOQ@@._V1_UX67_CR0,0,67,98_AL_.jpg",2001,A,131 min,"Drama, History, War",7.6,53.0,Jean-Jacques Annaud,Jude Law,Ed Harris,Joseph Fiennes,Rachel Weisz,243729,51401758,-0.09157423279666906,0.0007555221037997634,1
180,The Fifth Element,1997,Luc Besson,"Bruce Willis, Milla Jovovich, Gary Oldman, Ian Holm",7.6,126,UA,$63.54M,Action,"Adventure,  Sci-Fi","https://m.media-amazon.com/images/M/MV5BZWFjYmZmZGQtYzg4YS00ZGE5LTgwYzAtZmQwZjQ2NDliMGVmXkEyXkFqcGdeQXVyNTUyMzE4Mzg@._V1_UY98_CR0,0,67,98_AL_.jpg",1997,UA,126 min,"Action, Adventure, Sci-Fi",7.7,52.0,Luc Besson,Bruce Willis,Milla Jovovich,Gary Oldman,Ian Holm,434125,63540020,0.49030466904476905,0.000933934780710789,14
181,Die Hard: With a Vengeance,1995,John McTiernan,"Bruce Willis, Jeremy Irons, Samuel L. Jackson, Graham Greene",7.6,128,A,$100.01M,Action,"Adventure,  Thriller","https://m.media-amazon.com/images/M/MV5BZjI0ZWFiMmQtMjRlZi00ZmFhLWI4NmYtMjQ5YmY0MzIyMzRiXkEyXkFqcGdeQXVyMTQxNzMzNDI@._V1_UX67_CR0,0,67,98_AL_.jpg",1995,A,128 min,"Action, Adventure, Thriller",7.6,58.0,John McTiernan,Bruce Willis,Jeremy Irons,Samuel L. Jackson,Graham Greene,364420,100012499,0.27727567235966305,0.001470020804555979,1
182,Falling Down,1993,Joel Schumacher,"Michael Douglas, Robert Duvall, Barbara Hershey, Rachel Ticotin",7.6,113,UA,$40.90M,Action,"Crime,  Drama","https://m.media-amazon.com/images/M/MV5BYjcxMzM3OWMtNmM3Yy00YzBkLTkxMmQtMDk4MmM3Y2Y4MDliL2ltYWdlXkEyXkFqcGdeQXVyMTQxNzMzNDI@._V1_UX67_CR0,0,67,98_AL_.jpg",1993,R,113 min,"Action, Crime, Drama",7.6,56.0,Joel Schumacher,Michael Douglas,Robert Duvall,Barbara Hershey,Rachel Ticotin,171640,40903593,-0.31188909316583346,0.0006012161809004524,8
183,Lethal Weapon,1987,Richard Donner,"Mel Gibson, Danny Glover, Gary Busey, Mitchell Ryan",7.6,109,UA,$65.21M,Action,"Crime,  Thriller","https://m.media-amazon.com/images/M/MV5BZTllNWNlZjctMWQwMS00ZDc3LTg5ZjMtNzhmNzhjMmVhYTFlXkEyXkFqcGdeQXVyNTc1NTQxODI@._V1_UX67_CR0,0,67,98_AL_.jpg",1987,A,109 min,"Action, Crime, Thriller",7.6,68.0,Richard Donner,Mel Gibson,Danny Glover,Gary Busey,Mitchell Ryan,236894,65207127,-0.1124630240217275,0.0009584385377204094,1
184,Mad Max 2,1981,George Miller,"Mel Gibson, Bruce Spence, Michael Preston, Max Phipps",7.6,96,UA,$12.47M,Action,"Adventure,  Sci-Fi","https://m.media-amazon.com/images/M/MV5BN2VlNjNhZWQtMTY2OC00Y2E1LWJkNGUtMDU4M2ViNzliMGYwXkEyXkFqcGdeQXVyNTAyODkwOQ@@._V1_UX67_CR0,0,67,98_AL_.jpg",1981,A,96 min,"Action, Adventure, Sci-Fi",7.6,77.0,George Miller,Mel Gibson,Bruce Spence,Michael Preston,Max Phipps,166588,12465371,-0.32732876738221905,0.0001832206463165046,1
185,Rupan sansei: Kariosutoro no shiro,1979,Hayao Miyazaki,"Yasuo Yamada, Eiko Masuyama, Kiyoshi Kobayashi, Makio Inoue",7.6,100,U,Gross Unkown,Animation,"Action,  Adventure","https://m.media-amazon.com/images/M/MV5BYzYyNjg3OTctNzA2ZS00NjkzLWE4MmYtZDAzZWQ0NzkyMTJhXkEyXkFqcGdeQXVyMTMxODk2OTU@._V1_UX67_CR0,0,67,98_AL_.jpg",1979,U,100 min,"Animation, Adventure, Family",7.7,71.0,Hayao Miyazaki,Yasuo Yamada,Eiko Masuyama,Kiyoshi Kobayashi,Makio Inoue,27014,68034750,-0.7538879694957975,0.0009999999893289828,12
186,Escape from Alcatraz,1979,Don Siegel,"Clint Eastwood, Patrick McGoohan, Roberts Blossom, Jack Thibeau",7.6,112,U,$43.00M,Action,"Biography,  Crime","https://m.media-amazon.com/images/M/MV5BNDQ3MzNjMDItZjE0ZS00ZTYxLTgxNTAtM2I4YjZjNWFjYjJlL2ltYWdlXkEyXkFqcGdeQXVyNTAyODkwOQ@@._V1_UX67_CR0,0,67,98_AL_.jpg",1979,A,112 min,"Action, Biography, Crime",7.6,76.0,Don Siegel,Clint Eastwood,Patrick McGoohan,Roberts Blossom,Jack Thibeau,121731,43000000,-0.4644185271455617,0.0006320299485358035,1
187,The Taking of Pelham One Two Three,1974,Joseph Sargent,"Walter Matthau, Robert Shaw, Martin Balsam, Hector Elizondo",7.6,104,U,$2.49M,Action,"Crime,  Thriller","https://m.media-amazon.com/images/M/MV5BMjE1NDY0NDk3Ml5BMl5BanBnXkFtZTcwMTAzMTM3NA@@._V1_UX67_CR0,0,67,98_AL_.jpg",1974,U,104 min,"Action, Crime, Thriller",7.7,68.0,Joseph Sargent,Walter Matthau,Robert Shaw,Martin Balsam,Hector Elizondo,26729,68034750,-0.7547589724949404,0.0009999999893289828,12
188,Enter the Dragon,1973,Robert Clouse,"Bruce Lee, John Saxon, Jim Kelly, Ahna Capri",7.6,102,A,$25.00M,Action,"Crime,  Drama","https://m.media-amazon.com/images/M/MV5BNGZiMTkyNzQtMDdmZi00ZDNkLWE4YTAtZGNlNTIzYzQyMGM2XkEyXkFqcGdeQXVyNjc1NTYyMjg@._V1_UX67_CR0,0,67,98_AL_.jpg",1973,A,102 min,"Action, Crime, Drama",7.7,83.0,Robert Clouse,Bruce Lee,John Saxon,Jim Kelly,Ahna Capri,96561,25000000,-0.5413418446488129,0.0003674592724045369,1
189,Where Eagles Dare,1968,Brian G. Hutton,"Richard Burton, Clint Eastwood, Mary Ure, Patrick Wymark",7.6,158,U,Gross Unkown,Action,"Adventure,  War","https://m.media-amazon.com/images/M/MV5BNGE3ZWZiNzktMDIyOC00ZmVhLThjZTktZjQ5NjI4NGVhMDBlXkEyXkFqcGdeQXVyMjI4MjA5MzA@._V1_UX67_CR0,0,67,98_AL_.jpg",1968,U,158 min,"Action, Adventure, War",7.7,63.0,Brian G. Hutton,Richard Burton,Clint Eastwood,Mary Ure,Patrick Wymark,51913,68034750,-0.6777928688794507,0.0009999999893289828,12
190,The Warriors,1979,Walter Hill,"Michael Beck, James Remar, Dorsey Wright, Brian Tyler",7.5,93,UA,$22.49M,Action,"Crime,  Thriller","https://m.media-amazon.com/images/M/MV5BYTU2MWRiMTMtYzAzZi00NGYzLTlkMDEtNWQ3MzZlNTJlNzZkL2ltYWdlL2ltYWdlXkEyXkFqcGdeQXVyNjc1NTYyMjg@._V1_UX67_CR0,0,67,98_AL_.jpg",1979,UA,92 min,"Action, Crime, Thriller",7.6,65.0,Walter Hill,Michael Beck,James Remar,Dorsey Wright,Brian Tyler,93878,22490039,-0.5495414974442527,0.00033056693469158636,14
191,Dawn of the Dead,2004,Zack Snyder,"Sarah Polley, Ving Rhames, Mekhi Phifer, Jake Weber",7.3,101,A,$59.02M,Action,Horror,"https://m.media-amazon.com/images/M/MV5BMzc1YTIyNjctYzhlNy00ZmYzLWI2ZWQtMzk4MmQwYzA0NGQ1XkEyXkFqcGdeQXVyMTQxNzMzNDI@._V1_UX67_CR0,0,67,98_AL_.jpg",1978,A,127 min,"Action, Adventure, Horror",7.9,71.0,George A. Romero,David Emge,Ken Foree,Scott H. Reiniger,Gaylen Ross,111512,5100000,-0.49564933292886415,7.496169157052553e-05,1
192,King Kong,2005,Peter Jackson,"Naomi Watts, Jack Black, Adrien Brody, Thomas Kretschmann",7.2,187,UA,$218.08M,Action,"Adventure,  Drama","https://m.media-amazon.com/images/M/MV5BZTY3YjYxZGQtMTM2YS00ZmYwLWFlM2QtOWFlMTU1NTAyZDQ2XkEyXkFqcGdeQXVyNTgyNTA4MjM@._V1_UX67_CR0,0,67,98_AL_.jpg",1933,Passed,100 min,"Adventure, Horror, Sci-Fi",7.9,90.0,Merian C. Cooper,Ernest B. Schoedsack,Fay Wray,Robert Armstrong,Bruce Cabot,78991,10000000,-0.5950384155082535,0.00014698370896181476,7
193,Ghostbusters,2016,Paul Feig,"Melissa McCarthy, Kristen Wiig, Kate McKinnon, Leslie Jones",6.9,117,UA,$128.34M,Action,"Comedy,  Fantasy","https://m.media-amazon.com/images/M/MV5BMTkxMjYyNzgwMl5BMl5BanBnXkFtZTgwMTE3MjYyMTE@._V1_UX67_CR0,0,67,98_AL_.jpg",1984,UA,105 min,"Action, Comedy, Fantasy",7.8,71.0,Ivan Reitman,Bill Murray,Dan Aykroyd,Sigourney Weaver,Harold Ramis,355413,238632124,0.24974892143587352,0.0035075034662955694,14
194,The Magnificent Seven,2016,Antoine Fuqua,"Denzel Washington, Chris Pratt, Ethan Hawke, Vincent D'Onofrio",6.8,132,UA,$93.43M,Action,"Adventure,  Western","https://m.media-amazon.com/images/M/MV5BMzYyNzU0MTM1OF5BMl5BanBnXkFtZTcwMzE1ODE1NA@@._V1_UX67_CR0,0,67,98_AL_.jpg",1960,Approved,128 min,"Action, Adventure, Western",7.7,74.0,John Sturges,Yul Brynner,Steve McQueen,Charles Bronson,Eli Wallach,87719,4905000,-0.5683643306783617,7.209550924577014e-05,2
